Date;Gare de départ;Gare d'arrivée;Durée moyenne du trajet;Nombre de circulations prévues;Nombre de trains annulés;Nombre trains en retard > 15min;Nombre trains en retard > 30min;Nombre trains en retard > 60min;Prct retard pour cause infrastructure;Prct retard pour cause matériel roulant
2023-01;BORDEAUX ST JEAN;PARIS MONTPARNASSE;140;1075;66;115;60;28;27.54;11.59
2023-01;CHAMBERY CHALLES LES EAUX;PARIS LYON;180;334;16;64;19;6;29.58;2.82
2023-01;MACON LOCHE;PARIS LYON;99;252;15;59;16;3;24.64;5.8
2023-01;METZ;PARIS EST;89;310;18;25;15;6;9.09;20.45
2023-01;MONTPELLIER;PARIS LYON;212;249;7;28;10;4;28.57;25.0
2023-01;PARIS EST;METZ;86;277;16;25;17;6;9.76;21.95
2023-01;PARIS LYON;AIX EN PROVENCE TGV;187;461;18;39;19;3;15.0;22.5
2023-01;PARIS LYON;ANNECY;229;154;8;24;11;0;16.67;37.5
2023-01;PARIS LYON;NICE VILLE;353;225;6;34;14;6;38.24;8.82
2023-01;PARIS MONTPARNASSE;ANGOULEME;122;304;26;18;10;5;29.03;19.35
2023-01;PARIS MONTPARNASSE;POITIERS;93;559;38;29;15;8;24.0;32.0
2023-01;PARIS MONTPARNASSE;TOURS;74;194;9;8;3;1;14.29;23.81
2023-01;PARIS NORD;DUNKERQUE;128;199;16;7;6;2;28.57;14.29
2023-01;QUIMPER;PARIS MONTPARNASSE;234;251;8;31;16;9;29.03;19.35
2023-01;REIMS;PARIS EST;45;244;20;15;5;2;8.33;20.83
2023-01;ST MALO;PARIS MONTPARNASSE;153;98;3;5;2;0;36.36;18.18
2023-01;TOULOUSE MATABIAU;PARIS MONTPARNASSE;268;222;12;31;19;9;12.9;9.68
2023-01;VALENCE ALIXAN TGV;PARIS LYON;135;383;19;43;11;4;23.73;15.25
2023-01;ANGOULEME;PARIS MONTPARNASSE;125;334;20;32;17;11;5.41;13.51
2023-01;ANNECY;PARIS LYON;227;155;9;36;9;2;33.33;2.78
2023-01;BELLEGARDE (AIN);PARIS LYON;168;291;19;23;14;7;34.29;14.29
2023-01;DOUAI;PARIS NORD;75;191;12;8;3;2;12.12;18.18
2023-01;GRENOBLE;PARIS LYON;186;227;15;29;13;5;20.69;6.9
2023-01;LE CREUSOT MONTCEAU MONTCHANIN;PARIS LYON;85;218;6;14;4;2;26.47;17.65
2023-01;LYON PART DIEU;LILLE;187;300;15;64;29;9;16.44;27.4
2023-01;LYON PART DIEU;PARIS LYON;123;732;29;44;21;11;22.73;25.76
2023-01;MARSEILLE ST CHARLES;MARNE LA VALLEE;210;275;13;44;26;8;25.0;22.73
2023-01;NICE VILLE;PARIS LYON;355;218;7;35;16;8;28.57;8.57
2023-01;PARIS LYON;BELLEGARDE (AIN);167;294;20;34;12;5;17.78;22.22
2023-01;PARIS LYON;CHAMBERY CHALLES LES EAUX;179;335;14;47;27;4;17.19;39.06
2023-01;PARIS LYON;LYON PART DIEU;123;728;27;49;23;3;9.52;19.05
2023-01;PARIS LYON;MONTPELLIER;217;209;6;22;15;3;9.09;54.55
2023-01;PARIS LYON;PERPIGNAN;310;195;15;16;6;2;18.75;56.25
2023-01;PARIS MONTPARNASSE;ANGERS SAINT LAUD;90;509;19;29;13;7;18.03;21.31
2023-01;PARIS MONTPARNASSE;NANTES;129;593;25;46;23;8;18.33;18.33
2023-01;PARIS MONTPARNASSE;RENNES;98;735;27;39;14;7;18.31;19.72
2023-01;PARIS MONTPARNASSE;ST MALO;153;97;9;5;1;0;0.0;33.33
2023-01;PARIS MONTPARNASSE;ST PIERRE DES CORPS;62;524;31;18;7;0;20.41;16.33
2023-01;VANNES;PARIS MONTPARNASSE;166;290;9;35;18;9;27.5;22.5
2023-01;AIX EN PROVENCE TGV;PARIS LYON;189;433;16;40;25;11;20.0;10.0
2023-01;ARRAS;PARIS NORD;50;514;31;18;6;5;9.72;20.83
2023-01;BORDEAUX ST JEAN;TOURCOING;332;31;2;0;0;0;0.0;0.0
2023-01;DUNKERQUE;PARIS NORD;131;172;13;6;2;2;10.0;20.0
2023-01;LA ROCHELLE VILLE;PARIS MONTPARNASSE;172;215;16;13;7;4;0.0;13.33
2023-01;LAVAL;PARIS MONTPARNASSE;81;297;9;24;14;9;33.33;20.51
2023-01;LYON PART DIEU;MARNE LA VALLEE;110;322;15;53;32;10;18.06;18.06
2023-01;LYON PART DIEU;MARSEILLE ST CHARLES;103;459;25;64;26;11;15.19;27.85
2023-01;MARNE LA VALLEE;MARSEILLE ST CHARLES;214;273;15;39;16;6;10.26;30.77
2023-01;MARSEILLE ST CHARLES;LILLE;282;196;9;40;21;6;20.0;25.0
2023-01;MARSEILLE ST CHARLES;TOURCOING;284;31;2;6;3;0;33.33;16.67
2023-01;MONTPELLIER;LYON PART DIEU;116;197;11;14;6;2;27.27;4.55
2023-01;NIMES;PARIS LYON;181;240;7;27;10;4;27.27;18.18
2023-01;PARIS LYON;AVIGNON TGV;164;407;16;36;16;2;14.0;22.0
2023-01;PARIS LYON;BESANCON FRANCHE COMTE TGV;133;173;12;4;2;1;0.0;57.14
2023-01;PARIS LYON;MARSEILLE ST CHARLES;201;581;22;47;22;3;19.15;25.53
2023-01;PARIS MONTPARNASSE;LA ROCHELLE VILLE;174;231;17;13;8;2;11.76;47.06
2023-01;PARIS MONTPARNASSE;LE MANS;55;436;20;21;9;4;19.05;30.95
2023-01;PARIS NORD;ARRAS;48;520;29;13;13;4;0.0;38.46
2023-01;RENNES;LYON PART DIEU;238;84;4;10;6;3;30.0;10.0
2023-01;ST PIERRE DES CORPS;PARIS MONTPARNASSE;65;545;25;28;11;7;13.79;8.62
2023-01;STRASBOURG;PARIS EST;116;547;42;56;24;6;5.41;14.86
2023-01;TOURCOING;BORDEAUX ST JEAN;295;31;3;2;2;2;0.0;0.0
2023-01;ANGERS SAINT LAUD;PARIS MONTPARNASSE;97;551;23;33;18;5;20.0;9.09
2023-01;BESANCON FRANCHE COMTE TGV;PARIS LYON;135;183;8;13;8;5;14.29;42.86
2023-01;BREST;PARIS MONTPARNASSE;228;289;12;25;13;13;28.0;24.0
2023-01;LYON PART DIEU;MONTPELLIER;112;218;16;15;6;2;21.05;15.79
2023-01;LYON PART DIEU;RENNES;239;84;3;7;4;2;42.86;0.0
2023-01;MULHOUSE VILLE;PARIS LYON;173;337;18;28;17;11;25.0;15.62
2023-01;NANCY;PARIS EST;95;283;20;20;9;3;26.92;15.38
2023-01;NANTES;PARIS MONTPARNASSE;135;624;26;42;22;7;14.29;8.93
2023-01;NANTES;STRASBOURG;316;57;4;5;1;0;0.0;20.0
2023-01;PARIS EST;REIMS;46;246;16;11;5;0;0.0;44.44
2023-01;PARIS LYON;GRENOBLE;186;244;14;20;10;1;10.0;30.0
2023-01;PARIS LYON;MULHOUSE VILLE;174;337;24;22;15;6;15.62;21.88
2023-01;PARIS LYON;TOULON;247;283;10;31;19;7;32.26;19.35
2023-01;PARIS MONTPARNASSE;BORDEAUX ST JEAN;138;1021;58;101;55;28;17.04;20.74
2023-01;PARIS MONTPARNASSE;BREST;228;292;22;24;14;9;8.33;12.5
2023-01;PARIS MONTPARNASSE;VANNES;156;265;14;29;15;5;24.32;16.22
2023-01;RENNES;PARIS MONTPARNASSE;101;800;30;73;37;24;27.45;23.53
2023-01;SAINT ETIENNE CHATEAUCREUX;PARIS LYON;173;119;6;7;5;4;0.0;28.57
2023-01;TOULON;PARIS LYON;248;272;12;37;18;9;27.03;8.11
2023-01;AVIGNON TGV;PARIS LYON;166;433;17;38;24;7;15.79;7.02
2023-01;DIJON VILLE;PARIS LYON;102;417;21;37;20;14;25.0;22.73
2023-01;LE MANS;PARIS MONTPARNASSE;58;470;16;31;19;4;24.56;21.05
2023-01;LILLE;LYON PART DIEU;184;358;22;35;23;2;2.33;37.21
2023-01;LILLE;MARSEILLE ST CHARLES;297;242;13;32;12;5;12.5;25.0
2023-01;LILLE;PARIS NORD;68;672;25;28;13;11;5.61;13.7
2023-01;MARNE LA VALLEE;LYON PART DIEU;110;389;24;36;24;3;3.17;38.1
2023-01;MARSEILLE ST CHARLES;LYON PART DIEU;103;462;23;32;21;6;15.56;13.33
2023-01;MARSEILLE ST CHARLES;PARIS LYON;201;503;14;56;29;11;25.0;12.5
2023-01;PARIS EST;NANCY;96;286;24;25;16;7;12.12;39.39
2023-01;PARIS EST;STRASBOURG;114;580;50;60;32;15;0.0;43.53
2023-01;PARIS LYON;DIJON VILLE;100;431;19;18;8;3;11.54;30.77
2023-01;PARIS LYON;LE CREUSOT MONTCEAU MONTCHANIN;85;208;9;9;1;0;23.53;11.76
2023-01;PARIS LYON;MACON LOCHE;100;274;16;30;9;1;13.16;52.63
2023-01;PARIS LYON;NIMES;185;195;4;20;11;4;4.76;57.14
2023-01;PARIS LYON;SAINT ETIENNE CHATEAUCREUX;174;119;10;11;4;1;6.67;26.67
2023-01;PARIS LYON;VALENCE ALIXAN TGV;136;372;15;41;27;6;12.5;35.71
2023-01;PARIS MONTPARNASSE;LAVAL;78;317;8;18;7;3;10.0;20.0
2023-01;PARIS MONTPARNASSE;QUIMPER;226;234;13;27;13;5;29.63;7.41
2023-01;PARIS MONTPARNASSE;TOULOUSE MATABIAU;263;221;17;29;16;9;17.24;27.59
2023-01;PARIS NORD;DOUAI;70;142;8;6;5;1;6.25;18.75
2023-01;PARIS NORD;LILLE;66;651;24;23;13;8;3.95;22.66
2023-01;PERPIGNAN;PARIS LYON;312;193;12;20;8;3;15.0;15.0
2023-01;POITIERS;PARIS MONTPARNASSE;100;456;29;31;15;10;16.98;22.64
2023-01;STRASBOURG;NANTES;334;58;4;2;0;0;0.0;0.0
2023-01;TOURS;PARIS MONTPARNASSE;78;194;8;6;0;0;22.22;5.56
2023-02;ANGERS SAINT LAUD;PARIS MONTPARNASSE;96;491;16;28;12;6;24.39;19.51
2023-02;ARRAS;PARIS NORD;50;460;10;44;19;5;45.74;15.96
2023-02;BORDEAUX ST JEAN;TOURCOING;333;27;2;2;1;1;0.0;0.0
2023-02;DOUAI;PARIS NORD;75;169;4;13;5;3;45.16;9.68
2023-02;LE MANS;PARIS MONTPARNASSE;58;424;11;29;9;2;27.78;23.61
2023-02;LYON PART DIEU;MARNE LA VALLEE;110;284;9;27;12;6;4.41;30.88
2023-02;LYON PART DIEU;RENNES;240;78;3;5;3;1;40.0;0.0
2023-02;MARSEILLE ST CHARLES;TOURCOING;284;27;1;7;4;2;28.57;0.0
2023-02;MONTPELLIER;LYON PART DIEU;115;175;11;12;3;1;5.0;15.0
2023-02;MULHOUSE VILLE;PARIS LYON;174;304;17;15;10;6;45.83;20.83
2023-02;NANTES;PARIS MONTPARNASSE;134;553;20;28;12;6;25.71;17.14
2023-02;PARIS EST;STRASBOURG;114;490;18;30;13;5;10.64;38.3
2023-02;PARIS LYON;ANNECY;229;143;7;19;11;3;10.53;42.11
2023-02;PARIS LYON;AVIGNON TGV;164;363;10;26;12;6;16.67;22.22
2023-02;PARIS LYON;BESANCON FRANCHE COMTE TGV;133;156;13;7;6;1;10.0;10.0
2023-02;PARIS LYON;MULHOUSE VILLE;174;304;17;15;12;2;13.64;4.55
2023-02;PARIS LYON;PERPIGNAN;310;174;18;10;7;1;20.0;30.0
2023-02;PARIS LYON;TOULON;246;242;10;35;17;2;20.59;5.88
2023-02;PARIS MONTPARNASSE;NANTES;134;534;21;19;10;3;22.73;18.18
2023-02;PARIS MONTPARNASSE;ST PIERRE DES CORPS;65;462;21;10;3;0;0.0;47.83
2023-02;PARIS MONTPARNASSE;TOULOUSE MATABIAU;266;200;13;22;10;5;27.27;4.55
2023-02;PARIS NORD;DUNKERQUE;128;177;5;16;6;2;50.0;27.78
2023-02;RENNES;LYON PART DIEU;238;78;4;4;3;0;25.0;25.0
2023-02;RENNES;PARIS MONTPARNASSE;100;715;17;40;20;7;27.94;35.29
2023-02;STRASBOURG;NANTES;333;52;1;3;0;0;0.0;33.33
2023-02;STRASBOURG;PARIS EST;116;473;13;47;27;8;7.46;11.94
2023-02;ANGOULEME;PARIS MONTPARNASSE;125;298;17;18;5;0;34.62;26.92
2023-02;CHAMBERY CHALLES LES EAUX;PARIS LYON;183;333;13;69;27;13;16.05;3.7
2023-02;LYON PART DIEU;MONTPELLIER;112;196;12;17;9;3;20.0;10.0
2023-02;MARSEILLE ST CHARLES;MARNE LA VALLEE;210;244;6;29;16;7;13.79;24.14
2023-02;MONTPELLIER;PARIS LYON;212;218;8;17;12;5;23.53;41.18
2023-02;NIMES;PARIS LYON;181;211;7;17;12;5;19.05;33.33
2023-02;PARIS LYON;AIX EN PROVENCE TGV;187;411;13;33;14;7;6.06;24.24
2023-02;PARIS LYON;CHAMBERY CHALLES LES EAUX;182;360;11;43;16;5;15.87;28.57
2023-02;PARIS LYON;LE CREUSOT MONTCEAU MONTCHANIN;85;185;8;10;6;2;6.67;26.67
2023-02;PARIS LYON;LYON PART DIEU;123;638;35;44;18;7;9.8;27.45
2023-02;PARIS LYON;NIMES;185;164;6;13;7;1;30.77;30.77
2023-02;PARIS MONTPARNASSE;LA ROCHELLE VILLE;178;208;17;8;5;0;0.0;33.33
2023-02;PARIS MONTPARNASSE;RENNES;100;660;21;19;3;0;23.68;23.68
2023-02;REIMS;PARIS EST;46;213;7;7;5;2;30.77;0.0
2023-02;BELLEGARDE (AIN);PARIS LYON;168;252;12;26;14;6;17.24;34.48
2023-02;BREST;PARIS MONTPARNASSE;228;258;8;12;9;4;16.67;33.33
2023-02;LILLE;LYON PART DIEU;184;324;11;22;7;4;12.81;41.98
2023-02;LILLE;MARSEILLE ST CHARLES;297;219;3;26;12;5;19.23;38.46
2023-02;LILLE;PARIS NORD;69;617;8;52;26;6;30.84;18.07
2023-02;LYON PART DIEU;MARSEILLE ST CHARLES;103;414;16;52;16;7;14.93;22.39
2023-02;MARSEILLE ST CHARLES;LILLE;282;174;3;37;17;8;2.7;24.32
2023-02;MARSEILLE ST CHARLES;LYON PART DIEU;103;392;19;33;20;5;5.13;10.26
2023-02;METZ;PARIS EST;91;264;6;22;8;1;6.9;20.69
2023-02;NANCY;PARIS EST;95;251;3;9;4;0;0.0;23.08
2023-02;PARIS EST;METZ;89;238;6;12;3;1;16.67;16.67
2023-02;PARIS EST;NANCY;96;252;4;6;3;0;36.36;27.27
2023-02;PARIS LYON;BELLEGARDE (AIN);168;255;15;31;16;8;15.79;15.79
2023-02;PARIS LYON;MARSEILLE ST CHARLES;201;504;15;38;22;7;5.26;21.05
2023-02;PARIS LYON;SAINT ETIENNE CHATEAUCREUX;173;88;11;6;3;0;0.0;22.22
2023-02;PARIS LYON;VALENCE ALIXAN TGV;136;316;14;20;11;3;20.69;31.03
2023-02;PARIS MONTPARNASSE;ANGERS SAINT LAUD;95;458;14;12;7;0;23.08;26.92
2023-02;PARIS MONTPARNASSE;ANGOULEME;125;275;21;10;4;1;14.29;14.29
2023-02;PARIS MONTPARNASSE;BORDEAUX ST JEAN;141;920;45;32;16;2;12.24;26.53
2023-02;PARIS MONTPARNASSE;TOURS;77;178;5;2;0;0;0.0;40.0
2023-02;VALENCE ALIXAN TGV;PARIS LYON;135;331;17;23;15;7;16.0;16.0
2023-02;AIX EN PROVENCE TGV;PARIS LYON;188;380;12;32;24;7;9.38;15.62
2023-02;AVIGNON TGV;PARIS LYON;166;381;12;28;21;7;8.51;14.89
2023-02;BESANCON FRANCHE COMTE TGV;PARIS LYON;136;165;9;12;7;5;53.33;33.33
2023-02;DIJON VILLE;PARIS LYON;102;381;21;23;15;7;38.24;14.71
2023-02;DUNKERQUE;PARIS NORD;131;154;5;15;8;2;55.0;20.0
2023-02;LA ROCHELLE VILLE;PARIS MONTPARNASSE;172;192;16;8;2;0;14.29;28.57
2023-02;LYON PART DIEU;PARIS LYON;123;640;31;43;24;5;16.67;20.0
2023-02;MARNE LA VALLEE;LYON PART DIEU;110;352;11;24;7;4;12.2;39.02
2023-02;MARNE LA VALLEE;MARSEILLE ST CHARLES;215;245;5;26;12;5;19.23;38.46
2023-02;PARIS EST;REIMS;46;215;4;9;4;0;7.69;23.08
2023-02;PARIS LYON;GRENOBLE;186;228;14;26;13;1;15.38;19.23
2023-02;PARIS LYON;MONTPELLIER;217;178;8;15;8;2;26.67;20.0
2023-02;PARIS LYON;NICE VILLE;353;198;6;29;14;3;24.14;3.45
2023-02;PARIS NORD;ARRAS;48;469;13;32;16;5;13.43;28.36
2023-02;PARIS NORD;DOUAI;70;128;3;9;3;1;20.0;35.0
2023-02;PARIS NORD;LILLE;66;600;15;34;16;6;21.96;23.2
2023-02;PERPIGNAN;PARIS LYON;312;172;12;13;9;4;38.46;23.08
2023-02;POITIERS;PARIS MONTPARNASSE;99;423;19;29;7;0;22.54;26.76
2023-02;SAINT ETIENNE CHATEAUCREUX;PARIS LYON;173;88;5;3;1;0;16.67;33.33
2023-02;ST MALO;PARIS MONTPARNASSE;153;88;1;5;2;1;42.86;42.86
2023-02;ST PIERRE DES CORPS;PARIS MONTPARNASSE;65;487;20;20;6;0;10.71;26.79
2023-02;TOULON;PARIS LYON;247;229;11;19;14;3;0.0;26.32
2023-02;TOURCOING;BORDEAUX ST JEAN;298;27;2;1;1;1;0.0;100.0
2023-02;TOURS;PARIS MONTPARNASSE;78;176;7;8;3;0;0.0;29.41
2023-02;VANNES;PARIS MONTPARNASSE;166;256;4;17;7;2;21.74;34.78
2023-02;ANNECY;PARIS LYON;228;143;9;32;11;5;18.75;6.25
2023-02;BORDEAUX ST JEAN;PARIS MONTPARNASSE;140;964;46;75;29;4;24.0;21.0
2023-02;GRENOBLE;PARIS LYON;187;209;15;18;7;0;11.11;16.67
2023-02;LAVAL;PARIS MONTPARNASSE;81;267;5;13;6;1;16.13;25.81
2023-02;LE CREUSOT MONTCEAU MONTCHANIN;PARIS LYON;85;194;9;17;8;2;17.5;10.0
2023-02;LYON PART DIEU;LILLE;187;264;8;58;22;10;7.69;16.67
2023-02;MACON LOCHE;PARIS LYON;99;225;14;47;15;5;22.03;6.78
2023-02;MARSEILLE ST CHARLES;PARIS LYON;201;440;11;37;26;7;8.11;18.92
2023-02;NANTES;STRASBOURG;313;52;1;3;2;1;0.0;33.33
2023-02;NICE VILLE;PARIS LYON;355;189;6;17;12;3;0.0;23.53
2023-02;PARIS LYON;DIJON VILLE;100;396;20;22;14;4;19.23;3.85
2023-02;PARIS LYON;MACON LOCHE;99;252;11;17;11;3;8.0;52.0
2023-02;PARIS MONTPARNASSE;BREST;230;264;16;6;3;0;16.67;16.67
2023-02;PARIS MONTPARNASSE;LAVAL;80;282;7;13;3;1;6.9;31.03
2023-02;PARIS MONTPARNASSE;LE MANS;57;388;9;8;0;0;8.0;28.0
2023-02;PARIS MONTPARNASSE;POITIERS;96;520;30;17;7;0;12.0;40.0
2023-02;PARIS MONTPARNASSE;QUIMPER;227;201;7;14;6;1;28.57;0.0
2023-02;PARIS MONTPARNASSE;ST MALO;156;88;8;3;1;0;66.67;33.33
2023-02;PARIS MONTPARNASSE;VANNES;158;229;10;15;3;1;17.39;21.74
2023-02;QUIMPER;PARIS MONTPARNASSE;233;218;4;14;6;2;14.29;14.29
2023-02;TOULOUSE MATABIAU;PARIS MONTPARNASSE;268;198;7;19;10;1;42.11;15.79
2023-03;AIX EN PROVENCE TGV;PARIS LYON;189;436;71;46;31;22;41.3;4.35
2023-03;BREST;PARIS MONTPARNASSE;226;282;65;17;9;2;11.76;35.29
2023-03;DOUAI;PARIS NORD;74;192;37;10;2;0;19.35;12.9
2023-03;DUNKERQUE;PARIS NORD;131;173;46;11;2;2;35.29;17.65
2023-03;LA ROCHELLE VILLE;PARIS MONTPARNASSE;174;222;94;10;3;1;28.57;21.43
2023-03;LE MANS;PARIS MONTPARNASSE;59;472;88;28;19;10;30.77;13.46
2023-03;LILLE;LYON PART DIEU;184;375;143;34;21;12;23.68;18.42
2023-03;LILLE;PARIS NORD;68;681;113;28;7;1;19.6;22.75
2023-03;MARNE LA VALLEE;LYON PART DIEU;110;405;149;37;22;13;21.28;23.4
2023-03;NICE VILLE;PARIS LYON;356;222;39;29;19;10;31.03;6.9
2023-03;PARIS LYON;AVIGNON TGV;165;407;77;45;31;14;39.22;11.76
2023-03;PARIS LYON;DIJON VILLE;101;377;48;38;27;15;40.91;9.09
2023-03;PARIS LYON;MACON LOCHE;99;288;75;32;19;11;14.29;22.86
2023-03;PARIS LYON;MULHOUSE VILLE;173;280;45;31;22;15;35.29;14.71
2023-03;PARIS LYON;NIMES;186;209;43;23;17;7;39.13;17.39
2023-03;PARIS MONTPARNASSE;ANGERS SAINT LAUD;98;509;121;27;13;3;15.0;20.0
2023-03;PARIS MONTPARNASSE;BREST;231;283;97;13;6;2;0.0;23.08
2023-03;PARIS MONTPARNASSE;VANNES;160;279;97;21;8;4;11.11;14.81
2023-03;PARIS NORD;DUNKERQUE;127;200;44;5;1;0;22.22;33.33
2023-03;QUIMPER;PARIS MONTPARNASSE;235;271;52;17;12;6;5.88;17.65
2023-03;ANGOULEME;PARIS MONTPARNASSE;126;319;90;22;7;3;25.0;20.83
2023-03;ANNECY;PARIS LYON;227;158;39;24;13;6;33.33;4.17
2023-03;ARRAS;PARIS NORD;50;513;109;26;5;3;24.66;15.07
2023-03;AVIGNON TGV;PARIS LYON;167;437;90;45;33;23;35.29;9.8
2023-03;BORDEAUX ST JEAN;PARIS MONTPARNASSE;140;1066;297;92;29;19;27.93;15.32
2023-03;CHAMBERY CHALLES LES EAUX;PARIS LYON;181;352;66;54;28;14;31.15;1.64
2023-03;DIJON VILLE;PARIS LYON;102;398;65;36;27;17;51.16;11.63
2023-03;GRENOBLE;PARIS LYON;188;224;107;19;10;4;21.05;26.32
2023-03;LILLE;MARSEILLE ST CHARLES;298;243;64;33;20;12;21.21;12.12
2023-03;LYON PART DIEU;LILLE;187;320;108;33;18;14;30.0;20.0
2023-03;LYON PART DIEU;MARNE LA VALLEE;110;343;115;34;20;17;22.45;16.33
2023-03;LYON PART DIEU;RENNES;238;86;34;12;7;4;33.33;33.33
2023-03;MARSEILLE ST CHARLES;MARNE LA VALLEE;210;281;71;32;21;17;28.12;9.38
2023-03;MARSEILLE ST CHARLES;TOURCOING;284;29;6;3;3;1;33.33;0.0
2023-03;METZ;PARIS EST;91;300;31;18;11;8;14.81;14.81
2023-03;NANTES;PARIS MONTPARNASSE;133;616;150;29;20;12;28.57;17.14
2023-03;PARIS EST;NANCY;96;296;36;9;3;1;18.18;45.45
2023-03;PARIS LYON;PERPIGNAN;310;198;44;24;15;7;33.33;8.33
2023-03;PARIS LYON;TOULON;247;286;71;21;17;8;23.81;9.52
2023-03;PARIS MONTPARNASSE;LA ROCHELLE VILLE;179;231;106;13;6;3;14.29;28.57
2023-03;PARIS MONTPARNASSE;RENNES;101;750;159;40;12;4;2.13;25.53
2023-03;PARIS MONTPARNASSE;TOURS;77;198;39;4;4;0;0.0;40.0
2023-03;PARIS NORD;LILLE;66;663;113;13;6;1;8.95;21.2
2023-03;PERPIGNAN;PARIS LYON;312;194;35;25;13;5;16.0;20.0
2023-03;ST MALO;PARIS MONTPARNASSE;152;97;17;0;0;0;0.0;100.0
2023-03;STRASBOURG;PARIS EST;114;574;65;49;19;10;1.35;16.22
2023-03;TOULOUSE MATABIAU;PARIS MONTPARNASSE;276;182;41;23;7;3;34.78;17.39
2023-03;TOURS;PARIS MONTPARNASSE;79;199;43;5;2;0;6.25;18.75
2023-03;LYON PART DIEU;MARSEILLE ST CHARLES;105;463;153;60;28;12;18.31;9.86
2023-03;MARSEILLE ST CHARLES;LYON PART DIEU;103;443;171;28;17;8;21.88;12.5
2023-03;PARIS LYON;AIX EN PROVENCE TGV;188;454;89;51;35;18;33.96;13.21
2023-03;PARIS LYON;LE CREUSOT MONTCEAU MONTCHANIN;85;218;50;18;11;6;30.0;5.0
2023-03;PARIS LYON;NICE VILLE;354;219;37;25;12;5;16.0;12.0
2023-03;PARIS MONTPARNASSE;ANGOULEME;128;307;127;12;8;1;15.79;26.32
2023-03;PARIS MONTPARNASSE;BORDEAUX ST JEAN;140;1035;277;67;30;4;21.51;20.43
2023-03;PARIS MONTPARNASSE;LAVAL;80;316;36;17;6;4;6.25;28.12
2023-03;PARIS MONTPARNASSE;NANTES;137;596;162;39;26;5;14.29;8.16
2023-03;PARIS MONTPARNASSE;POITIERS;98;599;204;23;13;2;9.09;27.27
2023-03;PARIS MONTPARNASSE;QUIMPER;230;252;84;13;5;1;7.69;15.38
2023-03;PARIS MONTPARNASSE;ST MALO;156;98;47;4;3;2;0.0;16.67
2023-03;PARIS MONTPARNASSE;ST PIERRE DES CORPS;66;527;130;14;8;0;2.56;38.46
2023-03;PARIS MONTPARNASSE;TOULOUSE MATABIAU;270;199;81;14;8;2;42.86;14.29
2023-03;PARIS NORD;ARRAS;48;528;113;12;7;0;14.81;14.81
2023-03;PARIS NORD;DOUAI;70;143;25;6;5;1;0.0;30.77
2023-03;RENNES;LYON PART DIEU;237;86;38;8;7;4;50.0;25.0
2023-03;ST PIERRE DES CORPS;PARIS MONTPARNASSE;65;543;127;19;6;1;16.36;18.18
2023-03;TOURCOING;BORDEAUX ST JEAN;300;31;10;2;2;1;50.0;0.0
2023-03;ANGERS SAINT LAUD;PARIS MONTPARNASSE;95;551;114;29;20;12;32.5;12.5
2023-03;BESANCON FRANCHE COMTE TGV;PARIS LYON;136;174;31;14;11;6;57.14;21.43
2023-03;BORDEAUX ST JEAN;TOURCOING;333;31;10;2;2;0;0.0;50.0
2023-03;LYON PART DIEU;PARIS LYON;122;729;165;69;42;30;28.74;13.79
2023-03;MACON LOCHE;PARIS LYON;98;266;67;51;24;9;25.81;8.06
2023-03;MARNE LA VALLEE;MARSEILLE ST CHARLES;215;274;72;37;24;14;21.62;13.51
2023-03;MARSEILLE ST CHARLES;PARIS LYON;201;511;76;61;45;31;36.07;4.92
2023-03;MULHOUSE VILLE;PARIS LYON;175;296;50;24;16;12;44.44;18.52
2023-03;NANCY;PARIS EST;95;292;38;12;2;0;36.84;15.79
2023-03;NANTES;STRASBOURG;310;58;16;7;6;4;14.29;0.0
2023-03;PARIS EST;METZ;90;287;32;6;1;1;12.5;37.5
2023-03;PARIS EST;REIMS;46;250;32;6;4;2;8.33;8.33
2023-03;PARIS EST;STRASBOURG;112;605;82;27;13;6;9.38;21.88
2023-03;PARIS LYON;ANNECY;228;155;42;22;13;9;22.73;27.27
2023-03;PARIS LYON;BESANCON FRANCHE COMTE TGV;133;150;25;15;9;7;52.94;23.53
2023-03;PARIS LYON;CHAMBERY CHALLES LES EAUX;179;339;68;53;26;15;21.54;21.54
2023-03;PARIS LYON;LYON PART DIEU;123;735;188;74;47;32;34.12;15.29
2023-03;PARIS LYON;MONTPELLIER;216;213;45;22;18;8;36.36;18.18
2023-03;PARIS LYON;SAINT ETIENNE CHATEAUCREUX;174;114;60;8;4;3;18.18;0.0
2023-03;PARIS LYON;VALENCE ALIXAN TGV;135;394;75;44;30;11;34.69;18.37
2023-03;REIMS;PARIS EST;46;250;33;8;5;2;27.27;27.27
2023-03;RENNES;PARIS MONTPARNASSE;101;805;151;42;23;10;15.19;25.32
2023-03;TOULON;PARIS LYON;248;273;55;32;22;13;34.38;6.25
2023-03;VALENCE ALIXAN TGV;PARIS LYON;135;394;63;60;35;14;15.15;24.24
2023-03;VANNES;PARIS MONTPARNASSE;167;294;58;17;12;6;7.69;19.23
2023-03;BELLEGARDE (AIN);PARIS LYON;169;271;65;28;14;9;25.81;19.35
2023-03;LAVAL;PARIS MONTPARNASSE;81;300;37;22;16;9;18.6;11.63
2023-03;LE CREUSOT MONTCEAU MONTCHANIN;PARIS LYON;84;232;50;29;14;10;25.0;14.58
2023-03;LYON PART DIEU;MONTPELLIER;112;245;88;19;10;9;32.0;20.0
2023-03;MARSEILLE ST CHARLES;LILLE;281;201;51;24;16;12;33.33;12.5
2023-03;MONTPELLIER;LYON PART DIEU;114;207;82;7;5;4;15.38;0.0
2023-03;MONTPELLIER;PARIS LYON;212;251;29;42;26;9;21.43;26.19
2023-03;NIMES;PARIS LYON;182;243;26;42;26;9;20.93;25.58
2023-03;PARIS LYON;BELLEGARDE (AIN);168;278;69;33;21;10;24.39;12.2
2023-03;PARIS LYON;GRENOBLE;186;230;115;21;15;7;19.05;19.05
2023-03;PARIS LYON;MARSEILLE ST CHARLES;202;572;113;56;42;21;37.5;3.57
2023-03;PARIS MONTPARNASSE;LE MANS;57;443;65;20;12;3;10.26;33.33
2023-03;POITIERS;PARIS MONTPARNASSE;100;495;154;25;7;4;34.04;17.02
2023-03;SAINT ETIENNE CHATEAUCREUX;PARIS LYON;173;114;30;8;5;4;30.0;30.0
2023-03;STRASBOURG;NANTES;335;58;9;7;3;3;71.43;14.29
2023-04;ANGERS SAINT LAUD;PARIS MONTPARNASSE;95;525;15;44;23;12;45.59;5.88
2023-04;BREST;PARIS MONTPARNASSE;228;258;3;17;8;3;29.41;5.88
2023-04;CHAMBERY CHALLES LES EAUX;PARIS LYON;177;268;4;46;29;9;22.95;21.31
2023-04;DIJON VILLE;PARIS LYON;102;367;7;19;8;5;36.67;16.67
2023-04;LYON PART DIEU;MARNE LA VALLEE;110;337;1;49;23;9;16.85;14.61
2023-04;LYON PART DIEU;PARIS LYON;123;703;40;55;30;16;37.04;9.88
2023-04;MACON LOCHE;PARIS LYON;99;244;6;44;30;9;24.59;22.95
2023-04;MARSEILLE ST CHARLES;MARNE LA VALLEE;210;278;1;50;29;13;14.0;10.0
2023-04;METZ;PARIS EST;90;298;1;14;8;2;11.54;19.23
2023-04;MONTPELLIER;PARIS LYON;212;263;4;45;22;13;29.55;6.82
2023-04;PARIS EST;METZ;88;278;0;17;11;3;10.34;31.03
2023-04;PARIS LYON;AIX EN PROVENCE TGV;187;458;3;72;44;21;17.57;33.78
2023-04;PARIS LYON;LYON PART DIEU;123;699;51;65;37;14;27.38;14.29
2023-04;PARIS LYON;MULHOUSE VILLE;174;277;1;28;19;8;21.88;28.12
2023-04;PARIS LYON;NIMES;187;202;9;27;14;10;29.63;22.22
2023-04;PARIS LYON;PERPIGNAN;309;225;7;37;18;11;35.14;18.92
2023-04;PARIS LYON;VALENCE ALIXAN TGV;136;410;4;51;30;12;19.7;36.36
2023-04;PARIS MONTPARNASSE;TOULOUSE MATABIAU;271;199;24;27;14;8;11.11;22.22
2023-04;PARIS NORD;DOUAI;69;114;9;7;3;1;6.67;40.0
2023-04;REIMS;PARIS EST;46;236;3;3;1;0;18.18;27.27
2023-04;RENNES;PARIS MONTPARNASSE;100;733;8;61;31;10;21.21;22.22
2023-04;SAINT ETIENNE CHATEAUCREUX;PARIS LYON;173;114;6;6;3;3;53.85;7.69
2023-04;VALENCE ALIXAN TGV;PARIS LYON;135;442;6;62;32;20;29.11;8.86
2023-04;ANNECY;PARIS LYON;227;142;2;20;13;3;30.0;25.0
2023-04;LILLE;MARSEILLE ST CHARLES;297;240;7;48;29;16;20.83;12.5
2023-04;LYON PART DIEU;LILLE;188;316;2;61;21;9;15.85;12.2
2023-04;LYON PART DIEU;MARSEILLE ST CHARLES;105;447;21;80;40;21;22.12;9.62
2023-04;NIMES;PARIS LYON;182;259;4;45;22;13;27.08;6.25
2023-04;PARIS LYON;CHAMBERY CHALLES LES EAUX;176;266;4;27;10;4;32.61;10.87
2023-04;PARIS LYON;MARSEILLE ST CHARLES;201;576;4;82;50;28;19.51;23.17
2023-04;PARIS LYON;MONTPELLIER;219;218;9;32;18;12;28.12;15.62
2023-04;PARIS LYON;SAINT ETIENNE CHATEAUCREUX;174;114;10;12;7;3;23.53;0.0
2023-04;PARIS MONTPARNASSE;ANGOULEME;127;292;23;26;11;1;20.59;23.53
2023-04;PARIS MONTPARNASSE;BORDEAUX ST JEAN;142;1007;61;75;38;11;19.35;26.88
2023-04;PARIS MONTPARNASSE;BREST;230;261;33;23;11;4;26.09;13.04
2023-04;PARIS MONTPARNASSE;LE MANS;58;426;1;23;9;4;26.67;22.22
2023-04;PARIS MONTPARNASSE;POITIERS;96;580;39;30;9;2;32.0;16.0
2023-04;PARIS MONTPARNASSE;ST MALO;156;89;10;6;3;0;22.22;11.11
2023-04;PARIS MONTPARNASSE;ST PIERRE DES CORPS;66;491;25;20;6;0;29.55;18.18
2023-04;ST MALO;PARIS MONTPARNASSE;154;90;1;7;3;0;22.22;33.33
2023-04;TOULON;PARIS LYON;247;306;3;56;29;11;21.43;17.86
2023-04;TOULOUSE MATABIAU;PARIS MONTPARNASSE;273;204;11;37;21;13;32.43;8.11
2023-04;ANGOULEME;PARIS MONTPARNASSE;126;310;13;34;20;8;31.48;12.96
2023-04;AVIGNON TGV;PARIS LYON;166;473;6;64;34;17;23.29;21.92
2023-04;BESANCON FRANCHE COMTE TGV;PARIS LYON;135;167;3;6;4;2;40.0;40.0
2023-04;BORDEAUX ST JEAN;PARIS MONTPARNASSE;141;1034;60;116;55;24;33.09;13.67
2023-04;BORDEAUX ST JEAN;TOURCOING;333;30;2;7;4;2;0.0;28.57
2023-04;LAVAL;PARIS MONTPARNASSE;81;283;3;30;17;7;24.44;15.56
2023-04;LE CREUSOT MONTCEAU MONTCHANIN;PARIS LYON;85;212;12;16;10;6;20.59;11.76
2023-04;MARNE LA VALLEE;LYON PART DIEU;110;371;22;31;18;10;16.67;26.67
2023-04;MONTPELLIER;LYON PART DIEU;114;208;11;23;12;3;28.12;6.25
2023-04;MULHOUSE VILLE;PARIS LYON;174;296;5;15;6;4;33.33;20.83
2023-04;NANTES;STRASBOURG;311;54;2;6;4;1;33.33;0.0
2023-04;PARIS EST;REIMS;46;236;4;9;7;2;13.64;13.64
2023-04;PARIS LYON;ANNECY;229;142;4;13;3;1;30.77;7.69
2023-04;PARIS LYON;BELLEGARDE (AIN);166;234;6;41;22;8;44.19;27.91
2023-04;PARIS LYON;BESANCON FRANCHE COMTE TGV;133;146;1;17;11;4;28.57;28.57
2023-04;PARIS LYON;MACON LOCHE;100;266;8;17;4;1;35.0;15.0
2023-04;PARIS LYON;TOULON;245;311;3;39;27;14;20.51;33.33
2023-04;PARIS MONTPARNASSE;LAVAL;79;303;3;29;18;8;19.57;17.39
2023-04;PARIS MONTPARNASSE;NANTES;136;577;34;51;23;8;19.4;17.91
2023-04;PARIS NORD;ARRAS;48;491;8;16;6;2;0.0;29.41
2023-04;PARIS NORD;LILLE;66;629;6;16;7;2;6.7;24.25
2023-04;QUIMPER;PARIS MONTPARNASSE;236;258;4;23;14;5;13.04;17.39
2023-04;RENNES;LYON PART DIEU;238;84;6;4;2;1;50.0;0.0
2023-04;STRASBOURG;PARIS EST;116;555;2;65;26;6;7.92;7.92
2023-04;TOURCOING;BORDEAUX ST JEAN;300;30;2;1;1;1;100.0;0.0
2023-04;AIX EN PROVENCE TGV;PARIS LYON;189;455;3;60;33;13;23.33;18.33
2023-04;ARRAS;PARIS NORD;50;490;7;37;11;2;29.32;15.04
2023-04;BELLEGARDE (AIN);PARIS LYON;166;240;3;21;7;2;34.48;6.9
2023-04;DOUAI;PARIS NORD;74;159;6;14;4;2;32.76;10.34
2023-04;GRENOBLE;PARIS LYON;185;182;14;16;5;1;25.0;6.25
2023-04;LA ROCHELLE VILLE;PARIS MONTPARNASSE;173;214;23;12;7;3;17.65;5.88
2023-04;LE MANS;PARIS MONTPARNASSE;59;446;12;47;24;7;37.35;9.64
2023-04;LILLE;LYON PART DIEU;184;343;22;29;16;8;14.29;17.14
2023-04;LILLE;PARIS NORD;69;646;1;36;14;3;22.53;17.96
2023-04;LYON PART DIEU;RENNES;238;84;2;9;7;4;55.56;0.0
2023-04;MARSEILLE ST CHARLES;LILLE;283;201;2;51;24;10;13.73;11.76
2023-04;MARSEILLE ST CHARLES;PARIS LYON;201;557;4;80;42;19;17.5;23.75
2023-04;MARSEILLE ST CHARLES;TOURCOING;284;30;0;5;3;1;20.0;0.0
2023-04;NICE VILLE;PARIS LYON;355;257;1;47;23;8;19.15;19.15
2023-04;PARIS EST;STRASBOURG;113;603;9;37;11;4;7.41;53.7
2023-04;PARIS LYON;DIJON VILLE;101;346;3;28;17;7;11.11;38.89
2023-04;PARIS LYON;GRENOBLE;188;210;25;23;16;6;30.43;13.04
2023-04;PARIS MONTPARNASSE;ANGERS SAINT LAUD;97;493;24;43;18;4;20.63;17.46
2023-04;PARIS MONTPARNASSE;LA ROCHELLE VILLE;179;224;31;6;2;1;9.09;36.36
2023-04;PARIS NORD;DUNKERQUE;128;187;1;11;5;2;23.08;38.46
2023-04;PERPIGNAN;PARIS LYON;312;229;2;38;18;11;26.32;2.63
2023-04;POITIERS;PARIS MONTPARNASSE;98;470;23;37;21;5;35.0;8.75
2023-04;ST PIERRE DES CORPS;PARIS MONTPARNASSE;65;512;21;26;14;5;23.33;21.67
2023-04;STRASBOURG;NANTES;334;55;5;3;2;2;0.0;0.0
2023-04;VANNES;PARIS MONTPARNASSE;169;279;4;27;15;5;16.22;21.62
2023-04;DUNKERQUE;PARIS NORD;130;163;0;9;2;0;20.0;20.0
2023-04;LYON PART DIEU;MONTPELLIER;113;213;9;26;9;4;10.71;14.29
2023-04;MARNE LA VALLEE;MARSEILLE ST CHARLES;215;270;7;55;35;20;23.64;12.73
2023-04;MARSEILLE ST CHARLES;LYON PART DIEU;103;428;24;44;23;12;14.04;8.77
2023-04;NANCY;PARIS EST;95;281;2;11;8;1;23.08;15.38
2023-04;NANTES;PARIS MONTPARNASSE;133;605;28;49;25;14;47.54;6.56
2023-04;PARIS EST;NANCY;97;288;2;13;5;2;9.52;42.86
2023-04;PARIS LYON;AVIGNON TGV;164;445;5;60;34;18;19.12;33.82
2023-04;PARIS LYON;LE CREUSOT MONTCEAU MONTCHANIN;85;200;12;10;7;1;31.58;10.53
2023-04;PARIS LYON;NICE VILLE;353;241;2;43;24;10;25.58;25.58
2023-04;PARIS MONTPARNASSE;QUIMPER;231;239;29;26;14;4;30.77;15.38
2023-04;PARIS MONTPARNASSE;RENNES;101;699;14;74;28;8;29.55;21.59
2023-04;PARIS MONTPARNASSE;TOURS;77;181;2;6;2;0;35.29;11.76
2023-04;PARIS MONTPARNASSE;VANNES;161;247;26;28;15;3;29.41;23.53
2023-04;TOURS;PARIS MONTPARNASSE;78;180;6;4;2;0;27.78;16.67
2023-05;AIX EN PROVENCE TGV;PARIS LYON;188;469;5;35;18;6;20.0;22.86
2023-05;ANGERS SAINT LAUD;PARIS MONTPARNASSE;99;520;0;59;31;12;41.67;10.71
2023-05;DIJON VILLE;PARIS LYON;102;395;28;17;9;4;26.92;15.38
2023-05;DOUAI;PARIS NORD;75;176;1;9;4;1;22.58;16.13
2023-05;LILLE;LYON PART DIEU;184;376;4;53;24;11;10.34;50.0
2023-05;LYON PART DIEU;MONTPELLIER;114;216;5;32;16;10;25.0;22.73
2023-05;MARSEILLE ST CHARLES;LYON PART DIEU;103;462;5;42;23;4;31.58;14.04
2023-05;NIMES;PARIS LYON;182;267;3;37;17;11;32.56;18.6
2023-05;PARIS EST;METZ;86;261;0;8;4;2;0.0;30.0
2023-05;PARIS EST;NANCY;97;276;0;30;15;3;4.88;29.27
2023-05;PARIS EST;STRASBOURG;114;552;5;30;18;7;4.76;42.86
2023-05;PARIS LYON;ANNECY;228;146;3;12;7;2;25.0;33.33
2023-05;PARIS LYON;LYON PART DIEU;123;708;8;42;25;9;13.46;28.85
2023-05;PARIS LYON;PERPIGNAN;309;232;7;31;18;6;12.9;51.61
2023-05;PARIS MONTPARNASSE;ANGERS SAINT LAUD;97;503;0;34;17;1;12.28;24.56
2023-05;PARIS MONTPARNASSE;POITIERS;96;521;0;13;3;1;20.45;27.27
2023-05;POITIERS;PARIS MONTPARNASSE;98;424;0;41;12;4;44.87;20.51
2023-05;REIMS;PARIS EST;46;224;0;9;4;1;25.0;15.0
2023-05;VANNES;PARIS MONTPARNASSE;168;260;0;32;15;1;35.56;13.33
2023-05;DUNKERQUE;PARIS NORD;130;167;0;8;3;0;28.57;28.57
2023-05;LYON PART DIEU;LILLE;188;338;6;57;30;8;19.23;21.79
2023-05;MARSEILLE ST CHARLES;MARNE LA VALLEE;210;292;3;43;20;6;23.26;11.63
2023-05;MARSEILLE ST CHARLES;TOURCOING;284;31;0;8;6;2;25.0;12.5
2023-05;METZ;PARIS EST;89;284;0;23;12;5;2.27;25.0
2023-05;MONTPELLIER;PARIS LYON;212;271;3;37;17;11;37.84;16.22
2023-05;NANTES;PARIS MONTPARNASSE;137;603;0;70;36;15;38.27;7.41
2023-05;NANTES;STRASBOURG;312;57;0;4;1;1;25.0;0.0
2023-05;PARIS LYON;AIX EN PROVENCE TGV;187;490;6;36;19;7;13.51;43.24
2023-05;PARIS LYON;AVIGNON TGV;164;475;6;30;16;7;19.05;30.95
2023-05;PARIS LYON;MULHOUSE VILLE;173;331;29;19;11;4;7.14;28.57
2023-05;PARIS MONTPARNASSE;LE MANS;69;501;6;41;24;5;24.19;38.71
2023-05;PARIS MONTPARNASSE;QUIMPER;232;230;1;30;16;7;23.33;40.0
2023-05;PARIS MONTPARNASSE;ST PIERRE DES CORPS;65;445;0;19;1;0;7.32;29.27
2023-05;PARIS NORD;DUNKERQUE;127;189;2;10;3;3;46.67;13.33
2023-05;PARIS NORD;LILLE;66;649;0;28;11;4;8.75;26.1
2023-05;QUIMPER;PARIS MONTPARNASSE;236;242;0;30;13;0;30.0;13.33
2023-05;STRASBOURG;NANTES;334;57;0;2;0;0;0.0;0.0
2023-05;TOULOUSE MATABIAU;PARIS MONTPARNASSE;273;192;0;26;15;5;46.15;0.0
2023-05;TOURS;PARIS MONTPARNASSE;78;167;0;8;3;0;31.82;18.18
2023-05;AVIGNON TGV;PARIS LYON;166;494;6;39;19;8;20.37;18.52
2023-05;BREST;PARIS MONTPARNASSE;234;276;0;19;6;0;36.84;15.79
2023-05;GRENOBLE;PARIS LYON;184;189;2;18;5;2;16.67;11.11
2023-05;MARNE LA VALLEE;LYON PART DIEU;110;410;5;55;25;11;9.86;53.52
2023-05;MARSEILLE ST CHARLES;LILLE;282;211;3;35;17;3;17.14;14.29
2023-05;MONTPELLIER;LYON PART DIEU;114;218;6;47;19;6;29.58;14.08
2023-05;PARIS LYON;BELLEGARDE (AIN);167;239;6;21;10;2;21.43;14.29
2023-05;PARIS LYON;BESANCON FRANCHE COMTE TGV;133;165;16;10;6;0;8.33;25.0
2023-05;PARIS LYON;DIJON VILLE;100;404;33;23;12;1;17.86;32.14
2023-05;PARIS LYON;LE CREUSOT MONTCEAU MONTCHANIN;84;205;4;13;8;0;29.41;41.18
2023-05;PARIS LYON;MARSEILLE ST CHARLES;200;609;6;34;18;5;14.71;35.29
2023-05;PARIS LYON;MONTPELLIER;218;221;3;21;9;2;23.81;38.1
2023-05;PARIS MONTPARNASSE;TOULOUSE MATABIAU;271;186;0;23;13;6;43.48;13.04
2023-05;PARIS MONTPARNASSE;TOURS;77;166;0;8;0;0;6.67;33.33
2023-05;PARIS NORD;DOUAI;70;130;1;7;3;1;6.25;18.75
2023-05;RENNES;LYON PART DIEU;239;94;0;12;6;3;25.0;8.33
2023-05;SAINT ETIENNE CHATEAUCREUX;PARIS LYON;173;116;0;9;3;2;0.0;27.27
2023-05;TOULON;PARIS LYON;247;323;0;37;23;12;27.03;16.22
2023-05;ANNECY;PARIS LYON;227;149;1;27;9;4;22.22;14.81
2023-05;BORDEAUX ST JEAN;PARIS MONTPARNASSE;141;933;0;88;39;11;35.4;9.73
2023-05;CHAMBERY CHALLES LES EAUX;PARIS LYON;176;235;1;55;20;9;15.94;17.39
2023-05;LE CREUSOT MONTCEAU MONTCHANIN;PARIS LYON;84;218;5;9;2;1;11.54;19.23
2023-05;LILLE;MARSEILLE ST CHARLES;297;247;2;45;21;8;13.33;28.89
2023-05;LILLE;PARIS NORD;69;676;1;36;17;2;14.22;15.49
2023-05;LYON PART DIEU;MARNE LA VALLEE;110;359;8;54;29;8;25.93;16.05
2023-05;LYON PART DIEU;MARSEILLE ST CHARLES;104;477;3;82;36;19;18.56;22.68
2023-05;LYON PART DIEU;PARIS LYON;122;715;9;41;16;7;12.28;21.05
2023-05;MACON LOCHE;PARIS LYON;98;240;2;55;19;8;16.9;16.9
2023-05;MARSEILLE ST CHARLES;PARIS LYON;200;575;6;44;22;9;25.0;25.0
2023-05;NICE VILLE;PARIS LYON;354;272;0;31;20;11;29.03;12.9
2023-05;PARIS EST;REIMS;46;225;0;9;1;0;0.0;25.0
2023-05;PARIS LYON;CHAMBERY CHALLES LES EAUX;174;229;1;21;12;3;24.32;29.73
2023-05;PARIS LYON;GRENOBLE;185;216;2;18;7;3;33.33;33.33
2023-05;PARIS LYON;MACON LOCHE;99;259;3;16;5;1;0.0;65.0
2023-05;PARIS LYON;NICE VILLE;351;250;0;33;20;9;42.42;15.15
2023-05;PARIS LYON;NIMES;187;206;3;19;9;3;26.32;42.11
2023-05;PARIS LYON;SAINT ETIENNE CHATEAUCREUX;173;117;0;10;4;2;8.33;16.67
2023-05;PARIS LYON;VALENCE ALIXAN TGV;135;421;5;33;23;7;6.0;48.0
2023-05;PARIS MONTPARNASSE;ANGOULEME;126;266;1;11;5;2;9.52;23.81
2023-05;PARIS MONTPARNASSE;BREST;238;279;1;29;18;5;17.24;13.79
2023-05;PARIS MONTPARNASSE;RENNES;107;741;0;70;28;10;17.2;26.88
2023-05;PARIS NORD;ARRAS;48;503;0;26;16;6;4.0;24.0
2023-05;PERPIGNAN;PARIS LYON;313;240;1;34;18;13;47.06;8.82
2023-05;ST MALO;PARIS MONTPARNASSE;159;97;0;10;5;1;33.33;26.67
2023-05;ST PIERRE DES CORPS;PARIS MONTPARNASSE;65;468;0;28;11;3;30.51;22.03
2023-05;ANGOULEME;PARIS MONTPARNASSE;126;282;0;31;10;3;51.16;18.6
2023-05;ARRAS;PARIS NORD;50;509;2;32;18;2;20.0;20.0
2023-05;BELLEGARDE (AIN);PARIS LYON;167;245;7;13;8;5;33.33;14.29
2023-05;BESANCON FRANCHE COMTE TGV;PARIS LYON;136;177;14;8;6;3;25.0;16.67
2023-05;BORDEAUX ST JEAN;TOURCOING;328;28;0;1;0;0;0.0;0.0
2023-05;LA ROCHELLE VILLE;PARIS MONTPARNASSE;172;190;0;21;8;3;40.0;20.0
2023-05;LAVAL;PARIS MONTPARNASSE;86;283;0;21;10;3;23.81;16.67
2023-05;LE MANS;PARIS MONTPARNASSE;68;508;0;58;24;9;33.01;11.65
2023-05;LYON PART DIEU;RENNES;238;93;0;7;5;1;14.29;0.0
2023-05;MARNE LA VALLEE;MARSEILLE ST CHARLES;214;282;2;47;22;11;12.77;31.91
2023-05;MULHOUSE VILLE;PARIS LYON;173;329;26;20;9;4;17.86;17.86
2023-05;NANCY;PARIS EST;95;266;0;24;19;10;3.23;16.13
2023-05;PARIS LYON;TOULON;244;319;0;21;13;4;5.0;25.0
2023-05;PARIS MONTPARNASSE;BORDEAUX ST JEAN;142;918;1;68;24;12;14.77;26.14
2023-05;PARIS MONTPARNASSE;LA ROCHELLE VILLE;178;196;0;7;3;1;27.27;27.27
2023-05;PARIS MONTPARNASSE;LAVAL;87;314;1;33;15;4;12.0;26.0
2023-05;PARIS MONTPARNASSE;NANTES;136;571;0;56;26;6;40.0;20.0
2023-05;PARIS MONTPARNASSE;ST MALO;163;95;0;10;4;1;33.33;16.67
2023-05;PARIS MONTPARNASSE;VANNES;163;238;0;37;16;9;22.64;33.96
2023-05;RENNES;PARIS MONTPARNASSE;106;772;0;70;30;5;31.58;12.28
2023-05;STRASBOURG;PARIS EST;116;503;4;74;37;14;4.35;12.17
2023-05;TOURCOING;BORDEAUX ST JEAN;305;27;0;0;0;0;0.0;0.0
2023-05;VALENCE ALIXAN TGV;PARIS LYON;135;455;5;54;28;18;33.33;16.09
2023-06;ARRAS;PARIS NORD;50;497;4;50;22;19;22.81;9.65
2023-06;BELLEGARDE (AIN);PARIS LYON;161;237;2;33;11;6;18.75;8.33
2023-06;BORDEAUX ST JEAN;TOURCOING;322;29;0;4;1;1;25.0;25.0
2023-06;BREST;PARIS MONTPARNASSE;228;280;0;26;12;8;34.62;30.77
2023-06;LA ROCHELLE VILLE;PARIS MONTPARNASSE;172;215;2;25;14;8;41.18;23.53
2023-06;LILLE;PARIS NORD;68;660;6;63;31;23;17.41;8.68
2023-06;LYON PART DIEU;MARSEILLE ST CHARLES;108;458;2;79;38;11;20.2;11.11
2023-06;PARIS EST;METZ;85;264;0;29;15;2;14.0;44.0
2023-06;PARIS EST;NANCY;96;299;0;30;9;5;10.53;39.47
2023-06;PARIS EST;REIMS;45;242;0;17;6;1;14.29;25.0
2023-06;PARIS EST;STRASBOURG;111;541;1;48;13;1;11.76;38.24
2023-06;PARIS LYON;CHAMBERY CHALLES LES EAUX;176;265;25;58;30;15;7.79;22.08
2023-06;PARIS LYON;LYON PART DIEU;121;710;10;48;29;14;11.43;10.0
2023-06;PARIS MONTPARNASSE;BORDEAUX ST JEAN;142;1035;1;98;64;22;13.82;49.59
2023-06;PARIS MONTPARNASSE;LA ROCHELLE VILLE;178;224;3;19;13;8;13.64;31.82
2023-06;PARIS MONTPARNASSE;RENNES;100;764;1;73;44;20;12.77;44.68
2023-06;PARIS MONTPARNASSE;ST PIERRE DES CORPS;66;513;2;49;17;13;8.33;29.76
2023-06;RENNES;PARIS MONTPARNASSE;101;798;1;78;36;20;37.07;16.38
2023-06;ST PIERRE DES CORPS;PARIS MONTPARNASSE;65;530;3;45;25;15;25.26;18.95
2023-06;TOULON;PARIS LYON;240;304;0;77;35;14;25.97;11.69
2023-06;AVIGNON TGV;PARIS LYON;163;471;0;79;39;14;20.37;17.59
2023-06;DIJON VILLE;PARIS LYON;98;366;1;21;11;9;23.33;20.0
2023-06;LILLE;LYON PART DIEU;181;371;2;41;26;4;15.86;34.94
2023-06;LYON PART DIEU;MARNE LA VALLEE;107;352;0;79;35;8;14.91;17.54
2023-06;LYON PART DIEU;RENNES;237;90;1;7;4;3;42.86;14.29
2023-06;MARNE LA VALLEE;MARSEILLE ST CHARLES;213;271;1;48;20;5;22.92;18.75
2023-06;MARSEILLE ST CHARLES;LYON PART DIEU;106;443;3;72;29;6;22.55;12.75
2023-06;MARSEILLE ST CHARLES;MARNE LA VALLEE;210;283;0;60;29;5;15.0;13.33
2023-06;MARSEILLE ST CHARLES;TOURCOING;288;30;0;6;5;1;16.67;16.67
2023-06;MULHOUSE VILLE;PARIS LYON;169;310;2;22;8;4;14.81;33.33
2023-06;PARIS LYON;ANNECY;233;150;1;34;19;13;20.59;26.47
2023-06;PARIS LYON;BESANCON FRANCHE COMTE TGV;131;160;1;9;3;2;0.0;38.46
2023-06;PARIS LYON;DIJON VILLE;98;370;1;24;10;5;5.88;29.41
2023-06;PARIS LYON;NICE VILLE;346;254;2;56;21;9;25.0;17.86
2023-06;PARIS LYON;NIMES;183;198;3;47;23;6;10.64;51.06
2023-06;PARIS LYON;SAINT ETIENNE CHATEAUCREUX;173;112;3;11;5;3;20.0;10.0
2023-06;PARIS MONTPARNASSE;ANGERS SAINT LAUD;92;527;0;35;20;12;18.57;27.14
2023-06;PARIS MONTPARNASSE;BREST;230;277;1;27;15;7;25.93;44.44
2023-06;PARIS MONTPARNASSE;QUIMPER;229;255;1;40;26;11;22.5;25.0
2023-06;PARIS MONTPARNASSE;ST MALO;157;95;3;5;4;2;12.5;62.5
2023-06;PARIS MONTPARNASSE;TOURS;77;191;2;17;7;5;6.06;27.27
2023-06;PARIS MONTPARNASSE;VANNES;159;265;1;38;25;10;15.22;39.13
2023-06;PARIS NORD;DOUAI;70;136;0;14;10;5;21.43;28.57
2023-06;PARIS NORD;DUNKERQUE;128;193;4;21;10;7;18.52;29.63
2023-06;ANNECY;PARIS LYON;230;150;0;39;23;8;20.51;2.56
2023-06;LAVAL;PARIS MONTPARNASSE;82;288;0;30;14;7;33.9;20.34
2023-06;LE MANS;PARIS MONTPARNASSE;59;460;0;45;21;8;24.42;9.3
2023-06;LYON PART DIEU;MONTPELLIER;117;206;1;26;7;2;23.68;39.47
2023-06;METZ;PARIS EST;87;287;1;34;17;4;7.94;22.22
2023-06;NANTES;PARIS MONTPARNASSE;133;622;2;62;30;12;19.23;14.1
2023-06;NANTES;STRASBOURG;312;56;0;3;1;1;0.0;33.33
2023-06;NICE VILLE;PARIS LYON;347;252;0;70;33;13;28.57;10.0
2023-06;PARIS LYON;AVIGNON TGV;162;461;1;73;25;15;14.29;29.67
2023-06;PARIS LYON;GRENOBLE;184;215;7;73;46;16;5.26;21.05
2023-06;PARIS LYON;LE CREUSOT MONTCEAU MONTCHANIN;78;201;2;12;7;3;14.29;28.57
2023-06;PARIS LYON;MARSEILLE ST CHARLES;196;591;0;97;39;20;21.65;25.77
2023-06;PARIS LYON;MULHOUSE VILLE;172;310;0;25;7;3;11.43;31.43
2023-06;PARIS LYON;TOULON;238;310;0;47;25;9;19.15;23.4
2023-06;PARIS MONTPARNASSE;ANGOULEME;126;297;1;29;18;8;16.67;36.11
2023-06;RENNES;LYON PART DIEU;239;90;1;6;6;3;33.33;16.67
2023-06;TOURCOING;BORDEAUX ST JEAN;305;30;0;2;2;2;0.0;100.0
2023-06;AIX EN PROVENCE TGV;PARIS LYON;185;459;0;75;34;15;22.67;18.67
2023-06;CHAMBERY CHALLES LES EAUX;PARIS LYON;178;241;3;72;47;18;20.24;3.57
2023-06;DOUAI;PARIS NORD;74;185;0;18;8;7;24.39;9.76
2023-06;GRENOBLE;PARIS LYON;183;185;3;61;46;19;6.15;3.08
2023-06;LE CREUSOT MONTCEAU MONTCHANIN;PARIS LYON;78;210;2;21;11;5;8.33;19.44
2023-06;LYON PART DIEU;PARIS LYON;119;709;9;77;41;15;11.34;24.74
2023-06;MARNE LA VALLEE;LYON PART DIEU;106;400;2;42;26;4;15.38;33.85
2023-06;MONTPELLIER;LYON PART DIEU;116;209;2;59;19;4;26.92;5.13
2023-06;MONTPELLIER;PARIS LYON;211;261;1;64;36;11;21.88;7.81
2023-06;NANCY;PARIS EST;95;272;0;19;10;4;21.43;25.0
2023-06;NIMES;PARIS LYON;181;257;1;63;35;10;20.63;7.94
2023-06;PARIS LYON;AIX EN PROVENCE TGV;184;477;0;92;37;21;20.83;35.42
2023-06;PARIS LYON;BELLEGARDE (AIN);164;236;2;36;19;9;16.0;30.0
2023-06;PARIS MONTPARNASSE;NANTES;131;602;1;49;23;11;24.62;20.0
2023-06;PARIS MONTPARNASSE;TOULOUSE MATABIAU;271;215;0;28;24;13;17.86;39.29
2023-06;PARIS NORD;LILLE;66;642;9;45;32;18;21.29;18.99
2023-06;QUIMPER;PARIS MONTPARNASSE;234;262;0;32;17;7;37.5;21.88
2023-06;REIMS;PARIS EST;46;242;0;12;6;1;19.23;19.23
2023-06;SAINT ETIENNE CHATEAUCREUX;PARIS LYON;169;112;2;9;4;2;14.29;21.43
2023-06;ST MALO;PARIS MONTPARNASSE;153;94;0;7;2;1;75.0;0.0
2023-06;ANGERS SAINT LAUD;PARIS MONTPARNASSE;95;543;1;51;24;9;19.28;12.05
2023-06;ANGOULEME;PARIS MONTPARNASSE;126;312;0;43;19;7;33.33;14.81
2023-06;BESANCON FRANCHE COMTE TGV;PARIS LYON;131;167;1;9;5;4;7.69;38.46
2023-06;BORDEAUX ST JEAN;PARIS MONTPARNASSE;141;1052;0;136;78;36;31.82;17.61
2023-06;DUNKERQUE;PARIS NORD;131;168;2;14;7;6;28.0;8.0
2023-06;LILLE;MARSEILLE ST CHARLES;297;240;1;44;19;5;22.73;18.18
2023-06;LYON PART DIEU;LILLE;186;329;3;89;32;5;14.56;21.36
2023-06;MACON LOCHE;PARIS LYON;93;243;1;74;47;19;18.89;5.56
2023-06;MARSEILLE ST CHARLES;LILLE;284;201;0;49;20;2;12.24;20.41
2023-06;MARSEILLE ST CHARLES;PARIS LYON;195;557;0;110;50;17;21.82;16.36
2023-06;PARIS LYON;MACON LOCHE;93;267;2;34;20;7;8.7;45.65
2023-06;PARIS LYON;MONTPELLIER;216;216;2;47;27;8;4.35;47.83
2023-06;PARIS LYON;PERPIGNAN;307;224;2;39;26;12;12.82;46.15
2023-06;PARIS LYON;VALENCE ALIXAN TGV;132;417;1;81;48;17;12.75;49.02
2023-06;PARIS MONTPARNASSE;LAVAL;80;308;2;32;20;9;9.26;44.44
2023-06;PARIS MONTPARNASSE;LE MANS;58;454;0;38;24;12;14.52;48.39
2023-06;PARIS MONTPARNASSE;POITIERS;96;585;3;49;26;12;14.47;43.42
2023-06;PARIS NORD;ARRAS;48;509;8;37;21;16;16.95;25.42
2023-06;PERPIGNAN;PARIS LYON;310;221;0;56;35;16;14.29;5.36
2023-06;POITIERS;PARIS MONTPARNASSE;99;480;2;50;20;12;42.57;15.84
2023-06;STRASBOURG;NANTES;334;56;0;11;5;3;18.18;27.27
2023-06;STRASBOURG;PARIS EST;114;492;2;80;31;10;5.71;18.1
2023-06;TOULOUSE MATABIAU;PARIS MONTPARNASSE;273;215;0;36;24;10;33.33;19.44
2023-06;TOURS;PARIS MONTPARNASSE;78;192;1;13;7;5;21.43;21.43
2023-06;VALENCE ALIXAN TGV;PARIS LYON;133;440;2;96;62;22;19.83;7.76
2023-06;VANNES;PARIS MONTPARNASSE;167;284;0;34;17;7;39.53;18.6
2023-07;AIX EN PROVENCE TGV;PARIS LYON;185;468;0;69;30;10;11.59;15.94
2023-07;BELLEGARDE (AIN);PARIS LYON;162;248;4;18;9;4;20.0;20.0
2023-07;LE MANS;PARIS MONTPARNASSE;69;470;1;54;42;17;23.66;11.83
2023-07;LYON PART DIEU;LILLE;186;360;1;111;41;11;14.06;28.91
2023-07;LYON PART DIEU;MARSEILLE ST CHARLES;108;543;0;109;54;14;16.3;25.19
2023-07;LYON PART DIEU;RENNES;237;93;0;14;11;3;28.57;21.43
2023-07;MARNE LA VALLEE;LYON PART DIEU;106;414;0;66;42;8;24.1;32.53
2023-07;MARSEILLE ST CHARLES;MARNE LA VALLEE;210;302;0;77;28;11;12.99;15.58
2023-07;NANTES;PARIS MONTPARNASSE;136;612;2;92;64;29;30.1;12.62
2023-07;PARIS EST;STRASBOURG;114;586;1;54;28;16;14.93;32.84
2023-07;PARIS LYON;AVIGNON TGV;160;562;0;82;41;20;21.36;36.89
2023-07;PARIS LYON;BESANCON FRANCHE COMTE TGV;130;157;2;15;6;2;15.79;52.63
2023-07;PARIS LYON;DIJON VILLE;96;412;3;31;13;4;20.51;46.15
2023-07;PARIS MONTPARNASSE;BORDEAUX ST JEAN;143;961;0;119;65;38;23.81;27.21
2023-07;PARIS MONTPARNASSE;NANTES;136;569;2;80;57;35;27.0;23.0
2023-07;PERPIGNAN;PARIS LYON;309;310;0;53;21;6;13.21;16.98
2023-07;QUIMPER;PARIS MONTPARNASSE;240;283;0;32;21;12;34.38;9.38
2023-07;SAINT ETIENNE CHATEAUCREUX;PARIS LYON;169;119;0;5;2;2;16.67;41.67
2023-07;ST MALO;PARIS MONTPARNASSE;159;120;0;8;5;3;37.5;25.0
2023-07;STRASBOURG;NANTES;335;62;0;9;5;2;22.22;11.11
2023-07;ANGOULEME;PARIS MONTPARNASSE;126;299;0;36;22;10;19.61;17.65
2023-07;ARRAS;PARIS NORD;50;472;0;40;17;10;26.58;30.38
2023-07;BORDEAUX ST JEAN;PARIS MONTPARNASSE;141;1006;0;124;78;34;29.88;21.34
2023-07;BORDEAUX ST JEAN;TOURCOING;337;29;0;4;2;0;25.0;0.0
2023-07;CHAMBERY CHALLES LES EAUX;PARIS LYON;174;233;0;48;29;9;23.33;16.67
2023-07;LAVAL;PARIS MONTPARNASSE;87;307;0;21;15;11;26.67;26.67
2023-07;LE CREUSOT MONTCEAU MONTCHANIN;PARIS LYON;78;215;0;8;3;0;8.33;16.67
2023-07;LILLE;MARSEILLE ST CHARLES;296;250;0;53;29;6;18.87;28.3
2023-07;LILLE;PARIS NORD;69;638;1;47;20;10;22.62;22.74
2023-07;LYON PART DIEU;MARNE LA VALLEE;107;373;0;92;24;9;14.71;18.38
2023-07;LYON PART DIEU;PARIS LYON;119;624;0;32;14;5;15.79;29.82
2023-07;MARSEILLE ST CHARLES;LYON PART DIEU;106;534;1;75;44;14;12.4;14.88
2023-07;METZ;PARIS EST;87;298;0;17;9;6;12.5;18.06
2023-07;MONTPELLIER;LYON PART DIEU;116;221;0;44;17;5;12.5;14.06
2023-07;MONTPELLIER;PARIS LYON;210;252;0;56;26;11;21.43;17.86
2023-07;NIMES;PARIS LYON;181;251;0;55;25;11;19.3;17.54
2023-07;PARIS LYON;AIX EN PROVENCE TGV;183;487;0;74;32;10;17.33;36.0
2023-07;PARIS LYON;LYON PART DIEU;119;617;0;35;16;5;26.42;28.3
2023-07;PARIS LYON;MULHOUSE VILLE;170;322;3;33;15;6;19.51;24.39
2023-07;PARIS LYON;PERPIGNAN;307;322;0;60;37;14;20.0;31.67
2023-07;PARIS LYON;VALENCE ALIXAN TGV;131;501;1;72;40;12;18.09;40.43
2023-07;PARIS MONTPARNASSE;BREST;240;280;1;27;15;10;22.22;37.04
2023-07;PARIS MONTPARNASSE;POITIERS;95;577;0;54;38;21;22.22;33.33
2023-07;PARIS MONTPARNASSE;RENNES;106;804;0;69;45;26;17.65;34.12
2023-07;PARIS MONTPARNASSE;ST PIERRE DES CORPS;65;431;0;44;27;14;25.81;35.48
2023-07;POITIERS;PARIS MONTPARNASSE;98;455;0;35;15;9;25.61;8.54
2023-07;RENNES;LYON PART DIEU;239;97;0;8;2;0;37.5;50.0
2023-07;RENNES;PARIS MONTPARNASSE;105;795;0;70;47;25;28.89;18.89
2023-07;TOULON;PARIS LYON;239;360;0;66;27;11;16.67;12.12
2023-07;ANGERS SAINT LAUD;PARIS MONTPARNASSE;97;527;1;77;53;22;27.62;12.38
2023-07;ANNECY;PARIS LYON;224;130;0;20;10;3;35.0;10.0
2023-07;AVIGNON TGV;PARIS LYON;162;529;0;75;34;10;11.11;15.74
2023-07;DUNKERQUE;PARIS NORD;130;157;0;12;4;2;33.33;46.67
2023-07;LYON PART DIEU;MONTPELLIER;117;247;1;52;24;14;36.21;6.9
2023-07;MACON LOCHE;PARIS LYON;92;224;0;45;27;8;25.86;15.52
2023-07;MARSEILLE ST CHARLES;TOURCOING;288;31;0;5;3;1;0.0;0.0
2023-07;NANCY;PARIS EST;96;268;0;16;14;4;24.24;9.09
2023-07;NICE VILLE;PARIS LYON;347;309;0;53;20;7;20.75;9.43
2023-07;PARIS EST;REIMS;46;204;0;10;6;3;0.0;36.36
2023-07;PARIS LYON;NIMES;181;237;3;48;19;4;32.0;28.0
2023-07;PARIS LYON;TOULON;233;362;0;66;36;17;21.54;23.08
2023-07;PARIS MONTPARNASSE;ANGOULEME;127;279;0;29;14;10;26.19;28.57
2023-07;PARIS MONTPARNASSE;LA ROCHELLE VILLE;181;223;0;28;15;10;12.9;38.71
2023-07;PARIS MONTPARNASSE;ST MALO;160;114;0;14;6;3;26.67;20.0
2023-07;PARIS NORD;ARRAS;48;475;1;20;9;5;7.5;15.0
2023-07;PARIS NORD;DOUAI;68;128;2;8;2;0;11.11;22.22
2023-07;PARIS NORD;DUNKERQUE;128;171;2;16;8;2;5.26;26.32
2023-07;TOURS;PARIS MONTPARNASSE;78;136;1;7;4;3;53.85;0.0
2023-07;BESANCON FRANCHE COMTE TGV;PARIS LYON;132;170;2;16;9;7;23.53;17.65
2023-07;DIJON VILLE;PARIS LYON;98;406;4;29;14;9;22.22;11.11
2023-07;GRENOBLE;PARIS LYON;179;159;0;16;7;1;12.5;12.5
2023-07;LA ROCHELLE VILLE;PARIS MONTPARNASSE;173;215;0;19;8;4;28.0;12.0
2023-07;MARNE LA VALLEE;MARSEILLE ST CHARLES;213;282;0;59;34;8;20.34;30.51
2023-07;MARSEILLE ST CHARLES;LILLE;285;227;1;75;29;9;16.0;20.0
2023-07;MARSEILLE ST CHARLES;PARIS LYON;195;572;0;86;37;13;17.44;13.95
2023-07;NANTES;STRASBOURG;314;62;0;5;5;5;25.0;25.0
2023-07;PARIS EST;NANCY;97;279;0;25;13;7;9.38;37.5
2023-07;PARIS LYON;ANNECY;224;131;0;26;13;5;26.92;38.46
2023-07;PARIS LYON;BELLEGARDE (AIN);163;244;2;32;12;4;15.79;28.95
2023-07;PARIS LYON;CHAMBERY CHALLES LES EAUX;170;235;2;41;24;8;19.57;36.96
2023-07;PARIS LYON;GRENOBLE;179;171;0;21;14;3;26.09;52.17
2023-07;PARIS LYON;LE CREUSOT MONTCEAU MONTCHANIN;77;201;0;14;2;0;23.33;40.0
2023-07;PARIS LYON;MACON LOCHE;92;250;1;34;16;4;23.81;35.71
2023-07;PARIS LYON;MARSEILLE ST CHARLES;196;556;0;84;39;12;21.43;29.76
2023-07;PARIS LYON;NICE VILLE;343;306;0;69;39;13;17.39;21.74
2023-07;PARIS MONTPARNASSE;ANGERS SAINT LAUD;96;526;2;65;43;25;19.59;27.84
2023-07;PARIS MONTPARNASSE;TOURS;77;138;0;15;12;5;30.43;30.43
2023-07;PARIS MONTPARNASSE;VANNES;164;287;0;40;33;19;35.42;29.17
2023-07;PARIS NORD;LILLE;66;590;2;30;15;3;14.06;15.62
2023-07;REIMS;PARIS EST;46;208;0;8;6;3;16.67;16.67
2023-07;STRASBOURG;PARIS EST;116;553;2;104;49;13;8.11;18.24
2023-07;TOULOUSE MATABIAU;PARIS MONTPARNASSE;270;206;0;35;26;14;28.57;17.14
2023-07;TOURCOING;BORDEAUX ST JEAN;304;29;0;1;1;0;0.0;0.0
2023-07;VALENCE ALIXAN TGV;PARIS LYON;133;475;0;85;38;14;16.81;26.55
2023-07;VANNES;PARIS MONTPARNASSE;170;298;0;34;22;12;25.58;11.63
2023-07;BREST;PARIS MONTPARNASSE;238;273;0;22;14;7;45.45;27.27
2023-07;DOUAI;PARIS NORD;75;163;0;11;6;3;21.43;25.0
2023-07;LILLE;LYON PART DIEU;181;384;0;66;43;10;24.36;33.33
2023-07;MULHOUSE VILLE;PARIS LYON;169;324;3;25;13;6;17.65;14.71
2023-07;PARIS EST;METZ;85;262;0;25;14;8;4.76;38.1
2023-07;PARIS LYON;MONTPELLIER;214;250;2;50;31;7;38.0;26.0
2023-07;PARIS LYON;SAINT ETIENNE CHATEAUCREUX;171;119;3;4;2;0;28.57;28.57
2023-07;PARIS MONTPARNASSE;LAVAL;85;336;1;30;18;10;10.87;36.96
2023-07;PARIS MONTPARNASSE;LE MANS;69;496;25;36;22;17;21.05;52.63
2023-07;PARIS MONTPARNASSE;QUIMPER;236;274;3;37;27;12;43.24;21.62
2023-07;PARIS MONTPARNASSE;TOULOUSE MATABIAU;268;213;0;31;20;10;32.26;22.58
2023-07;ST PIERRE DES CORPS;PARIS MONTPARNASSE;65;444;1;25;14;8;32.65;8.16
2023-08;ANNECY;PARIS LYON;224;126;0;23;8;4;30.43;17.39
2023-08;BELLEGARDE (AIN);PARIS LYON;163;242;1;26;10;2;38.46;17.95
2023-08;BORDEAUX ST JEAN;TOURCOING;337;28;0;2;2;2;50.0;0.0
2023-08;LYON PART DIEU;MARSEILLE ST CHARLES;109;571;0;98;44;18;14.29;16.54
2023-08;LYON PART DIEU;RENNES;237;93;0;12;4;1;41.67;25.0
2023-08;MARSEILLE ST CHARLES;LYON PART DIEU;106;542;2;87;34;17;6.92;16.92
2023-08;MARSEILLE ST CHARLES;PARIS LYON;195;580;0;106;59;27;24.53;21.7
2023-08;NANCY;PARIS EST;96;270;0;20;10;5;35.48;16.13
2023-08;NANTES;PARIS MONTPARNASSE;135;607;0;53;23;8;30.88;7.35
2023-08;NANTES;STRASBOURG;315;67;0;7;5;3;14.29;14.29
2023-08;PARIS EST;METZ;85;254;0;22;14;7;29.41;20.59
2023-08;PARIS LYON;ANNECY;225;124;0;17;10;4;35.29;41.18
2023-08;PARIS LYON;AVIGNON TGV;160;615;0;72;40;14;25.74;30.69
2023-08;PARIS LYON;GRENOBLE;179;160;0;22;14;4;37.04;25.93
2023-08;PARIS LYON;LE CREUSOT MONTCEAU MONTCHANIN;77;220;0;13;8;1;14.81;29.63
2023-08;PARIS LYON;MARSEILLE ST CHARLES;196;572;0;72;45;13;29.17;25.0
2023-08;PARIS LYON;NICE VILLE;342;319;0;69;40;17;30.43;17.39
2023-08;PARIS LYON;SAINT ETIENNE CHATEAUCREUX;171;119;2;12;5;3;15.79;21.05
2023-08;PARIS MONTPARNASSE;ANGOULEME;128;288;0;24;10;1;36.36;12.12
2023-08;PARIS MONTPARNASSE;LAVAL;84;352;1;24;8;3;16.67;44.44
2023-08;PARIS MONTPARNASSE;ST MALO;159;121;0;8;4;1;53.85;7.69
2023-08;PARIS MONTPARNASSE;VANNES;164;294;1;26;11;3;29.73;24.32
2023-08;PARIS NORD;DOUAI;68;121;1;1;1;1;33.33;50.0
2023-08;POITIERS;PARIS MONTPARNASSE;98;463;0;39;13;3;18.39;9.2
2023-08;STRASBOURG;PARIS EST;117;555;6;90;41;11;10.48;10.48
2023-08;BESANCON FRANCHE COMTE TGV;PARIS LYON;132;171;2;15;8;4;22.22;27.78
2023-08;CHAMBERY CHALLES LES EAUX;PARIS LYON;174;230;11;42;15;6;21.43;10.71
2023-08;DUNKERQUE;PARIS NORD;130;149;0;5;4;2;35.71;7.14
2023-08;GRENOBLE;PARIS LYON;179;157;1;20;9;2;20.0;20.0
2023-08;LAVAL;PARIS MONTPARNASSE;87;325;0;21;12;2;39.13;10.87
2023-08;LILLE;LYON PART DIEU;181;403;0;38;20;5;11.86;32.2
2023-08;LILLE;PARIS NORD;70;604;0;23;7;3;14.52;22.58
2023-08;MACON LOCHE;PARIS LYON;92;227;7;39;13;5;23.21;12.5
2023-08;MONTPELLIER;PARIS LYON;208;246;0;56;31;12;21.43;32.14
2023-08;NICE VILLE;PARIS LYON;346;328;0;71;50;27;25.35;19.72
2023-08;PARIS EST;REIMS;46;190;2;14;9;2;15.38;23.08
2023-08;PARIS LYON;BESANCON FRANCHE COMTE TGV;130;162;0;17;9;4;9.52;14.29
2023-08;PARIS LYON;MULHOUSE VILLE;171;300;0;37;19;9;16.67;11.9
2023-08;PARIS LYON;PERPIGNAN;306;340;1;103;51;17;16.5;33.98
2023-08;PARIS LYON;TOULON;233;378;0;63;36;9;20.63;22.22
2023-08;PARIS LYON;VALENCE ALIXAN TGV;132;524;0;122;66;15;15.71;45.0
2023-08;PARIS MONTPARNASSE;BREST;241;281;5;23;10;4;21.74;21.74
2023-08;PARIS MONTPARNASSE;NANTES;137;579;0;53;29;2;28.57;17.46
2023-08;PARIS MONTPARNASSE;RENNES;106;829;1;45;22;5;20.59;26.47
2023-08;PERPIGNAN;PARIS LYON;308;321;0;71;38;15;26.76;18.31
2023-08;QUIMPER;PARIS MONTPARNASSE;240;285;0;25;16;7;36.0;16.0
2023-08;ST PIERRE DES CORPS;PARIS MONTPARNASSE;65;439;0;22;6;2;29.03;11.29
2023-08;STRASBOURG;NANTES;335;67;0;8;6;2;25.0;12.5
2023-08;TOULON;PARIS LYON;239;384;0;84;54;28;25.0;20.24
2023-08;TOURCOING;BORDEAUX ST JEAN;304;28;0;1;1;0;0.0;100.0
2023-08;VALENCE ALIXAN TGV;PARIS LYON;134;475;0;103;50;19;19.85;28.24
2023-08;ARRAS;PARIS NORD;50;458;0;24;13;5;20.78;18.18
2023-08;AVIGNON TGV;PARIS LYON;162;560;0;90;47;19;25.0;17.74
2023-08;BORDEAUX ST JEAN;PARIS MONTPARNASSE;140;1015;0;156;62;17;29.1;11.11
2023-08;DIJON VILLE;PARIS LYON;98;381;3;34;15;7;27.91;13.95
2023-08;LA ROCHELLE VILLE;PARIS MONTPARNASSE;173;216;0;17;8;2;20.83;8.33
2023-08;LE CREUSOT MONTCEAU MONTCHANIN;PARIS LYON;78;250;0;23;12;5;18.6;13.95
2023-08;MARNE LA VALLEE;LYON PART DIEU;106;435;0;40;21;6;11.94;34.33
2023-08;MARSEILLE ST CHARLES;LILLE;285;221;0;63;28;3;7.94;7.94
2023-08;MARSEILLE ST CHARLES;TOURCOING;288;31;0;6;3;2;16.67;0.0
2023-08;PARIS EST;NANCY;96;273;0;16;11;3;40.91;4.55
2023-08;PARIS LYON;AIX EN PROVENCE TGV;183;513;0;67;44;13;28.17;25.35
2023-08;PARIS LYON;DIJON VILLE;96;419;1;34;22;7;19.05;21.43
2023-08;PARIS LYON;MACON LOCHE;92;253;5;30;14;8;13.95;48.84
2023-08;PARIS MONTPARNASSE;LA ROCHELLE VILLE;181;223;0;18;11;2;19.05;38.1
2023-08;PARIS MONTPARNASSE;POITIERS;94;596;0;32;13;2;37.5;25.0
2023-08;PARIS MONTPARNASSE;QUIMPER;236;281;3;26;14;5;23.08;19.23
2023-08;PARIS NORD;LILLE;66;549;1;17;12;3;13.17;32.14
2023-08;RENNES;PARIS MONTPARNASSE;105;801;0;57;35;9;35.71;15.31
2023-08;AIX EN PROVENCE TGV;PARIS LYON;185;481;0;77;41;17;24.68;19.48
2023-08;ANGOULEME;PARIS MONTPARNASSE;126;300;0;34;13;3;14.0;8.0
2023-08;LYON PART DIEU;LILLE;187;357;0;97;44;7;14.66;18.1
2023-08;LYON PART DIEU;MONTPELLIER;117;258;0;29;18;7;32.61;8.7
2023-08;LYON PART DIEU;PARIS LYON;119;622;0;49;24;8;22.73;21.21
2023-08;MARNE LA VALLEE;MARSEILLE ST CHARLES;213;296;0;46;25;6;19.57;23.91
2023-08;METZ;PARIS EST;87;288;0;28;12;6;10.91;14.55
2023-08;MONTPELLIER;LYON PART DIEU;115;213;0;33;18;5;3.92;21.57
2023-08;NIMES;PARIS LYON;179;246;0;56;31;12;18.18;30.3
2023-08;PARIS EST;STRASBOURG;115;577;3;65;37;20;28.4;34.57
2023-08;PARIS LYON;LYON PART DIEU;120;602;1;50;24;13;20.0;23.33
2023-08;PARIS MONTPARNASSE;BORDEAUX ST JEAN;143;976;0;66;33;3;33.33;12.22
2023-08;PARIS MONTPARNASSE;LE MANS;69;508;50;23;9;2;24.07;27.78
2023-08;PARIS MONTPARNASSE;TOULOUSE MATABIAU;266;218;1;34;14;1;35.29;8.82
2023-08;PARIS MONTPARNASSE;TOURS;77;130;1;5;1;0;14.29;14.29
2023-08;PARIS NORD;ARRAS;48;465;0;8;7;4;31.58;36.84
2023-08;REIMS;PARIS EST;46;195;0;7;3;2;30.77;15.38
2023-08;RENNES;LYON PART DIEU;239;98;0;9;6;3;55.56;0.0
2023-08;TOURS;PARIS MONTPARNASSE;78;129;0;5;0;0;33.33;13.33
2023-08;ANGERS SAINT LAUD;PARIS MONTPARNASSE;97;529;0;43;17;7;30.16;9.52
2023-08;BREST;PARIS MONTPARNASSE;239;270;0;19;12;2;26.32;15.79
2023-08;DOUAI;PARIS NORD;74;157;0;8;5;1;17.24;10.34
2023-08;LE MANS;PARIS MONTPARNASSE;69;461;0;34;11;5;35.38;9.23
2023-08;LILLE;MARSEILLE ST CHARLES;296;266;0;42;22;6;16.67;23.81
2023-08;LYON PART DIEU;MARNE LA VALLEE;107;381;0;91;31;7;16.22;16.22
2023-08;MARSEILLE ST CHARLES;MARNE LA VALLEE;210;307;0;74;30;9;12.16;10.81
2023-08;MULHOUSE VILLE;PARIS LYON;170;297;1;25;11;6;20.59;17.65
2023-08;PARIS LYON;BELLEGARDE (AIN);163;239;0;34;12;2;43.59;20.51
2023-08;PARIS LYON;CHAMBERY CHALLES LES EAUX;171;228;8;26;16;10;20.0;51.43
2023-08;PARIS LYON;MONTPELLIER;212;256;0;67;41;5;22.39;40.3
2023-08;PARIS LYON;NIMES;181;245;0;58;33;4;19.67;45.9
2023-08;PARIS MONTPARNASSE;ANGERS SAINT LAUD;96;543;0;47;22;0;30.3;19.7
2023-08;PARIS MONTPARNASSE;ST PIERRE DES CORPS;65;426;0;20;9;1;28.0;16.0
2023-08;PARIS NORD;DUNKERQUE;128;158;0;6;5;3;44.44;22.22
2023-08;SAINT ETIENNE CHATEAUCREUX;PARIS LYON;169;119;0;11;5;0;20.0;33.33
2023-08;ST MALO;PARIS MONTPARNASSE;159;130;0;6;4;0;50.0;16.67
2023-08;TOULOUSE MATABIAU;PARIS MONTPARNASSE;268;209;0;35;16;4;25.71;2.86
2023-08;VANNES;PARIS MONTPARNASSE;170;296;0;26;17;7;34.21;13.16
2023-09;AVIGNON TGV;PARIS LYON;162;483;5;56;36;16;23.08;8.97
2023-09;BESANCON FRANCHE COMTE TGV;PARIS LYON;133;165;0;12;4;4;25.0;35.0
2023-09;BREST;PARIS MONTPARNASSE;226;268;0;31;10;5;32.26;25.81
2023-09;DIJON VILLE;PARIS LYON;98;358;0;27;10;6;21.28;14.89
2023-09;LAVAL;PARIS MONTPARNASSE;79;290;1;34;16;8;40.62;12.5
2023-09;LE MANS;PARIS MONTPARNASSE;56;470;2;58;39;25;38.61;16.83
2023-09;MARSEILLE ST CHARLES;LILLE;288;203;1;51;18;6;9.8;15.69
2023-09;MARSEILLE ST CHARLES;MARNE LA VALLEE;210;284;2;52;25;10;13.46;17.31
2023-09;METZ;PARIS EST;87;308;0;40;13;6;10.23;14.77
2023-09;MONTPELLIER;PARIS LYON;208;240;0;46;22;7;28.26;13.04
2023-09;NANTES;PARIS MONTPARNASSE;132;654;1;85;55;33;48.45;15.46
2023-09;PARIS LYON;BELLEGARDE (AIN);162;245;0;24;15;2;16.13;38.71
2023-09;PARIS LYON;PERPIGNAN;306;233;0;33;21;9;27.27;27.27
2023-09;PARIS MONTPARNASSE;ANGERS SAINT LAUD;92;541;2;44;29;15;37.5;12.5
2023-09;PARIS MONTPARNASSE;LA ROCHELLE VILLE;176;225;2;29;18;9;47.06;11.76
2023-09;PARIS MONTPARNASSE;LE MANS;56;456;1;34;17;7;34.43;24.59
2023-09;PARIS MONTPARNASSE;TOULOUSE MATABIAU;265;216;0;29;15;7;48.28;6.9
2023-09;PARIS MONTPARNASSE;TOURS;75;185;2;8;6;2;50.0;20.0
2023-09;PARIS MONTPARNASSE;VANNES;157;250;1;24;19;9;48.72;20.51
2023-09;PARIS NORD;LILLE;69;661;1;36;20;7;7.48;16.23
2023-09;ST MALO;PARIS MONTPARNASSE;151;96;0;9;8;4;71.43;7.14
2023-09;STRASBOURG;PARIS EST;116;596;2;90;42;5;6.34;14.08
2023-09;ANGOULEME;PARIS MONTPARNASSE;125;338;0;43;22;13;43.55;16.13
2023-09;ANNECY;PARIS LYON;226;152;0;13;3;0;46.15;30.77
2023-09;DUNKERQUE;PARIS NORD;132;166;0;12;6;4;36.84;26.32
2023-09;LA ROCHELLE VILLE;PARIS MONTPARNASSE;170;217;1;27;13;5;43.9;12.2
2023-09;MARNE LA VALLEE;MARSEILLE ST CHARLES;213;283;0;45;19;10;24.44;13.33
2023-09;PARIS LYON;DIJON VILLE;96;362;0;40;19;8;27.45;35.29
2023-09;PARIS LYON;LE CREUSOT MONTCEAU MONTCHANIN;77;232;0;14;7;1;16.67;33.33
2023-09;PARIS LYON;SAINT ETIENNE CHATEAUCREUX;171;116;0;5;1;1;16.67;33.33
2023-09;PARIS LYON;VALENCE ALIXAN TGV;131;399;1;42;28;8;9.09;38.18
2023-09;PARIS MONTPARNASSE;BORDEAUX ST JEAN;140;1014;0;106;49;26;48.06;17.83
2023-09;PARIS MONTPARNASSE;LAVAL;78;315;0;23;15;11;45.61;21.05
2023-09;PARIS MONTPARNASSE;QUIMPER;227;239;4;24;18;5;43.48;13.04
2023-09;PARIS MONTPARNASSE;ST MALO;154;95;0;6;4;3;18.18;36.36
2023-09;PARIS MONTPARNASSE;ST PIERRE DES CORPS;63;506;2;23;18;11;45.28;18.87
2023-09;PARIS NORD;DUNKERQUE;129;192;1;17;9;4;28.0;24.0
2023-09;POITIERS;PARIS MONTPARNASSE;96;485;3;50;21;8;42.27;14.43
2023-09;RENNES;PARIS MONTPARNASSE;98;781;2;88;41;20;41.22;14.19
2023-09;ST PIERRE DES CORPS;PARIS MONTPARNASSE;62;533;4;44;23;7;22.12;23.08
2023-09;AIX EN PROVENCE TGV;PARIS LYON;185;462;5;54;35;17;24.07;9.26
2023-09;CHAMBERY CHALLES LES EAUX;PARIS LYON;173;204;17;15;3;0;52.94;23.53
2023-09;LILLE;PARIS NORD;69;680;0;37;21;10;20.72;15.08
2023-09;LYON PART DIEU;MARSEILLE ST CHARLES;108;505;2;89;41;19;16.35;15.38
2023-09;LYON PART DIEU;PARIS LYON;119;747;1;49;17;6;19.72;30.99
2023-09;LYON PART DIEU;RENNES;237;87;0;10;5;3;40.0;20.0
2023-09;MACON LOCHE;PARIS LYON;94;211;7;18;3;0;45.0;30.0
2023-09;MARNE LA VALLEE;LYON PART DIEU;106;415;0;43;22;8;20.0;38.33
2023-09;MARSEILLE ST CHARLES;PARIS LYON;195;562;5;76;50;22;25.0;17.11
2023-09;MARSEILLE ST CHARLES;TOURCOING;291;30;0;1;1;1;100.0;0.0
2023-09;MULHOUSE VILLE;PARIS LYON;176;296;0;28;14;6;20.51;5.13
2023-09;PARIS EST;REIMS;46;237;0;12;7;2;4.17;41.67
2023-09;PARIS LYON;MONTPELLIER;213;207;0;27;21;10;33.33;33.33
2023-09;PARIS LYON;NICE VILLE;344;254;2;58;34;24;15.52;20.69
2023-09;PARIS MONTPARNASSE;POITIERS;94;586;1;47;33;17;53.42;16.44
2023-09;PARIS NORD;DOUAI;71;136;4;14;5;1;18.18;31.82
2023-09;PERPIGNAN;PARIS LYON;310;229;0;35;19;7;31.43;11.43
2023-09;RENNES;LYON PART DIEU;239;87;0;9;3;1;22.22;22.22
2023-09;TOULOUSE MATABIAU;PARIS MONTPARNASSE;267;215;0;33;19;9;54.55;12.12
2023-09;TOURCOING;BORDEAUX ST JEAN;304;30;0;3;1;1;33.33;66.67
2023-09;ANGERS SAINT LAUD;PARIS MONTPARNASSE;94;560;0;72;48;30;43.43;16.16
2023-09;BELLEGARDE (AIN);PARIS LYON;161;245;0;16;9;5;16.0;28.0
2023-09;BORDEAUX ST JEAN;TOURCOING;337;30;0;2;1;1;100.0;0.0
2023-09;LE CREUSOT MONTCEAU MONTCHANIN;PARIS LYON;78;238;1;16;4;1;11.76;20.59
2023-09;LILLE;MARSEILLE ST CHARLES;296;254;0;41;17;9;21.95;12.2
2023-09;LYON PART DIEU;LILLE;189;332;3;69;24;10;8.14;15.12
2023-09;LYON PART DIEU;MARNE LA VALLEE;107;353;3;58;25;10;3.75;16.25
2023-09;NANCY;PARIS EST;95;294;2;28;11;2;34.21;31.58
2023-09;PARIS EST;METZ;85;280;0;13;5;4;9.09;33.33
2023-09;PARIS EST;NANCY;97;299;0;16;2;1;16.67;44.44
2023-09;PARIS EST;STRASBOURG;114;609;0;35;19;7;1.89;43.4
2023-09;PARIS LYON;AIX EN PROVENCE TGV;183;527;0;58;39;19;25.86;25.86
2023-09;PARIS LYON;AVIGNON TGV;160;517;0;56;37;18;26.47;23.53
2023-09;PARIS LYON;BESANCON FRANCHE COMTE TGV;130;157;0;23;12;4;23.33;36.67
2023-09;PARIS LYON;GRENOBLE;179;213;4;28;12;6;17.14;54.29
2023-09;PARIS LYON;MARSEILLE ST CHARLES;195;637;0;82;52;27;23.17;26.83
2023-09;PARIS LYON;NIMES;180;190;0;23;17;8;33.33;45.83
2023-09;PARIS LYON;TOULON;236;310;0;60;42;24;10.0;26.67
2023-09;PARIS MONTPARNASSE;ANGOULEME;124;298;0;31;20;12;52.5;15.0
2023-09;PARIS MONTPARNASSE;NANTES;132;630;2;58;36;19;37.35;13.25
2023-09;PARIS MONTPARNASSE;RENNES;98;747;0;47;26;19;43.86;21.05
2023-09;PARIS NORD;ARRAS;49;510;4;30;18;3;4.08;20.41
2023-09;QUIMPER;PARIS MONTPARNASSE;232;257;0;38;17;9;39.47;7.89
2023-09;SAINT ETIENNE CHATEAUCREUX;PARIS LYON;169;116;0;9;1;0;35.29;29.41
2023-09;STRASBOURG;NANTES;328;55;0;9;2;2;11.11;11.11
2023-09;TOULON;PARIS LYON;240;323;0;60;42;18;21.67;16.67
2023-09;VALENCE ALIXAN TGV;PARIS LYON;133;421;0;59;30;10;25.32;10.13
2023-09;VANNES;PARIS MONTPARNASSE;165;280;1;41;20;9;45.28;5.66
2023-09;ARRAS;PARIS NORD;51;496;0;32;14;6;28.72;19.15
2023-09;BORDEAUX ST JEAN;PARIS MONTPARNASSE;140;1061;0;140;69;36;42.53;17.82
2023-09;DOUAI;PARIS NORD;75;182;0;10;3;2;25.81;12.9
2023-09;GRENOBLE;PARIS LYON;179;192;1;14;2;0;9.52;14.29
2023-09;LILLE;LYON PART DIEU;181;384;0;41;20;8;18.87;37.74
2023-09;LYON PART DIEU;MONTPELLIER;115;249;0;40;20;14;21.57;25.49
2023-09;MARSEILLE ST CHARLES;LYON PART DIEU;106;477;0;47;32;23;12.9;9.68
2023-09;MONTPELLIER;LYON PART DIEU;114;213;1;39;25;12;13.79;10.34
2023-09;NANTES;STRASBOURG;313;56;0;7;5;3;42.86;0.0
2023-09;NICE VILLE;PARIS LYON;348;267;0;53;36;16;22.64;18.87
2023-09;NIMES;PARIS LYON;178;240;0;46;22;7;24.56;10.53
2023-09;PARIS LYON;ANNECY;224;149;0;15;7;2;26.67;33.33
2023-09;PARIS LYON;CHAMBERY CHALLES LES EAUX;170;201;17;19;9;3;19.23;30.77
2023-09;PARIS LYON;LYON PART DIEU;119;753;1;48;15;4;17.74;33.87
2023-09;PARIS LYON;MACON LOCHE;92;239;6;17;7;1;10.0;26.67
2023-09;PARIS LYON;MULHOUSE VILLE;171;294;0;40;22;9;32.79;22.95
2023-09;PARIS MONTPARNASSE;BREST;228;273;2;26;17;5;50.0;23.08
2023-09;REIMS;PARIS EST;46;237;0;11;4;2;42.86;14.29
2023-09;TOURS;PARIS MONTPARNASSE;75;189;2;18;8;0;18.92;21.62
2023-10;BREST;PARIS MONTPARNASSE;227;277;0;31;19;11;32.26;6.45
2023-10;CHAMBERY CHALLES LES EAUX;PARIS LYON;173;178;0;24;5;1;35.29;5.88
2023-10;DUNKERQUE;PARIS NORD;132;172;0;11;5;0;28.57;14.29
2023-10;LYON PART DIEU;LILLE;190;331;1;74;28;11;23.86;15.91
2023-10;LYON PART DIEU;MARNE LA VALLEE;107;352;0;56;26;9;22.62;20.24
2023-10;LYON PART DIEU;RENNES;236;90;0;8;4;2;37.5;25.0
2023-10;MACON LOCHE;PARIS LYON;94;200;0;28;9;4;35.9;7.69
2023-10;MARNE LA VALLEE;LYON PART DIEU;106;415;0;37;16;7;12.16;33.78
2023-10;MARSEILLE ST CHARLES;MARNE LA VALLEE;209;292;1;51;23;14;25.49;17.65
2023-10;MONTPELLIER;LYON PART DIEU;113;209;0;31;12;4;24.39;17.07
2023-10;NIMES;PARIS LYON;178;248;0;45;17;9;21.05;14.04
2023-10;PARIS EST;METZ;87;286;0;34;14;7;37.84;13.51
2023-10;PARIS LYON;BESANCON FRANCHE COMTE TGV;130;162;0;12;7;2;35.0;40.0
2023-10;PARIS LYON;TOULON;238;293;0;44;28;16;25.0;29.55
2023-10;PARIS MONTPARNASSE;ANGERS SAINT LAUD;89;548;0;42;22;9;14.52;20.97
2023-10;PARIS MONTPARNASSE;LA ROCHELLE VILLE;179;223;0;24;9;1;3.7;29.63
2023-10;PARIS MONTPARNASSE;RENNES;98;781;1;55;28;14;17.17;22.22
2023-10;PARIS MONTPARNASSE;ST PIERRE DES CORPS;63;525;3;26;14;2;9.68;19.35
2023-10;POITIERS;PARIS MONTPARNASSE;97;499;0;58;16;2;25.53;14.89
2023-10;REIMS;PARIS EST;50;247;0;15;9;4;48.84;13.95
2023-10;RENNES;LYON PART DIEU;238;90;0;7;5;2;42.86;14.29
2023-10;ST PIERRE DES CORPS;PARIS MONTPARNASSE;63;553;0;38;13;2;13.48;16.85
2023-10;STRASBOURG;PARIS EST;119;615;2;121;37;10;9.2;7.36
2023-10;TOULON;PARIS LYON;239;301;0;46;25;14;34.78;17.39
2023-10;TOURS;PARIS MONTPARNASSE;76;198;0;10;2;0;10.34;13.79
2023-10;ARRAS;PARIS NORD;51;518;4;37;16;1;23.4;13.83
2023-10;AVIGNON TGV;PARIS LYON;161;500;3;45;26;17;19.7;16.67
2023-10;GRENOBLE;PARIS LYON;181;201;1;26;14;9;25.0;25.0
2023-10;LILLE;MARSEILLE ST CHARLES;293;256;0;55;24;7;20.0;10.91
2023-10;LYON PART DIEU;PARIS LYON;119;750;8;48;32;12;20.63;30.16
2023-10;MARSEILLE ST CHARLES;LYON PART DIEU;104;453;0;50;20;10;24.29;7.14
2023-10;NICE VILLE;PARIS LYON;346;243;0;44;23;12;34.09;18.18
2023-10;PARIS EST;NANCY;100;317;0;27;12;7;15.38;48.72
2023-10;PARIS LYON;AIX EN PROVENCE TGV;182;544;0;59;36;18;21.88;35.94
2023-10;PARIS LYON;ANNECY;224;155;1;24;10;3;33.33;33.33
2023-10;PARIS LYON;AVIGNON TGV;159;492;0;46;27;14;18.75;35.42
2023-10;PARIS LYON;DIJON VILLE;96;386;0;32;14;3;22.0;40.0
2023-10;PARIS LYON;GRENOBLE;180;228;2;26;12;6;22.22;25.0
2023-10;PARIS LYON;LE CREUSOT MONTCEAU MONTCHANIN;77;230;0;7;4;2;11.76;17.65
2023-10;PARIS LYON;LYON PART DIEU;119;750;7;40;26;14;18.52;27.78
2023-10;PARIS MONTPARNASSE;BORDEAUX ST JEAN;143;1054;0;81;42;15;18.49;21.01
2023-10;PARIS MONTPARNASSE;BREST;230;280;1;30;18;5;6.67;16.67
2023-10;PARIS MONTPARNASSE;NANTES;129;632;1;59;40;19;20.55;10.96
2023-10;PARIS MONTPARNASSE;VANNES;157;260;1;24;12;7;18.42;15.79
2023-10;RENNES;PARIS MONTPARNASSE;98;818;1;88;49;31;28.57;12.14
2023-10;ST MALO;PARIS MONTPARNASSE;151;98;0;6;2;1;20.0;20.0
2023-10;TOULOUSE MATABIAU;PARIS MONTPARNASSE;271;223;0;27;15;3;37.04;0.0
2023-10;VANNES;PARIS MONTPARNASSE;164;285;1;38;22;14;36.73;14.29
2023-10;ANGOULEME;PARIS MONTPARNASSE;127;343;0;45;15;2;29.51;9.84
2023-10;BELLEGARDE (AIN);PARIS LYON;160;249;0;10;8;4;25.0;20.0
2023-10;BORDEAUX ST JEAN;PARIS MONTPARNASSE;144;1100;1;115;47;14;30.07;9.8
2023-10;LE CREUSOT MONTCEAU MONTCHANIN;PARIS LYON;79;235;0;14;11;2;3.03;30.3
2023-10;LILLE;LYON PART DIEU;182;382;0;32;14;5;9.68;35.48
2023-10;MARSEILLE ST CHARLES;PARIS LYON;195;566;3;58;35;21;27.59;18.97
2023-10;MONTPELLIER;PARIS LYON;208;248;0;45;17;9;24.44;6.67
2023-10;NANTES;STRASBOURG;311;57;0;5;2;1;20.0;20.0
2023-10;PARIS EST;STRASBOURG;117;637;3;70;32;15;21.88;32.29
2023-10;PARIS LYON;BELLEGARDE (AIN);162;248;0;30;12;2;33.33;25.0
2023-10;PARIS LYON;MACON LOCHE;93;222;0;15;5;3;8.7;43.48
2023-10;PARIS LYON;NICE VILLE;344;227;0;41;24;13;34.15;14.63
2023-10;PARIS LYON;PERPIGNAN;305;228;1;38;29;20;34.21;39.47
2023-10;PARIS MONTPARNASSE;ANGOULEME;126;302;0;23;13;2;14.71;20.59
2023-10;PARIS MONTPARNASSE;LAVAL;78;320;1;23;10;3;24.39;19.51
2023-10;PARIS MONTPARNASSE;POITIERS;95;606;0;46;25;4;17.11;25.0
2023-10;PARIS NORD;ARRAS;49;522;2;20;10;3;9.62;26.92
2023-10;PARIS NORD;LILLE;70;698;7;28;10;2;23.58;11.15
2023-10;QUIMPER;PARIS MONTPARNASSE;232;257;1;33;18;12;36.36;12.12
2023-10;SAINT ETIENNE CHATEAUCREUX;PARIS LYON;169;113;0;9;4;1;14.29;35.71
2023-10;STRASBOURG;NANTES;333;58;0;6;4;3;33.33;16.67
2023-10;VALENCE ALIXAN TGV;PARIS LYON;133;435;1;61;29;16;23.17;12.2
2023-10;BESANCON FRANCHE COMTE TGV;PARIS LYON;134;166;0;7;2;1;23.53;47.06
2023-10;BORDEAUX ST JEAN;TOURCOING;333;31;1;0;0;0;0.0;0.0
2023-10;DOUAI;PARIS NORD;75;191;2;13;5;1;26.47;11.76
2023-10;LAVAL;PARIS MONTPARNASSE;79;299;0;38;18;11;38.46;12.31
2023-10;LYON PART DIEU;MARSEILLE ST CHARLES;104;486;0;87;37;13;20.69;10.34
2023-10;MARNE LA VALLEE;MARSEILLE ST CHARLES;210;289;0;61;30;10;19.67;14.75
2023-10;MARSEILLE ST CHARLES;TOURCOING;289;31;0;10;6;4;10.0;20.0
2023-10;METZ;PARIS EST;91;319;0;30;15;5;19.05;7.94
2023-10;NANTES;PARIS MONTPARNASSE;131;669;3;65;29;15;25.29;5.75
2023-10;PARIS EST;REIMS;48;247;0;21;7;1;35.56;22.22
2023-10;PARIS LYON;MONTPELLIER;211;213;0;38;26;12;31.58;36.84
2023-10;PARIS LYON;MULHOUSE VILLE;171;301;0;22;14;4;27.59;31.03
2023-10;PARIS LYON;NIMES;179;201;0;34;22;12;26.19;30.95
2023-10;PARIS LYON;VALENCE ALIXAN TGV;130;400;1;56;36;21;9.72;54.17
2023-10;PARIS MONTPARNASSE;QUIMPER;227;245;5;24;13;4;20.83;12.5
2023-10;PARIS MONTPARNASSE;ST MALO;155;97;0;5;1;0;0.0;33.33
2023-10;PARIS MONTPARNASSE;TOULOUSE MATABIAU;269;218;1;27;13;8;42.31;11.54
2023-10;PARIS MONTPARNASSE;TOURS;75;194;1;7;4;1;5.0;15.0
2023-10;AIX EN PROVENCE TGV;PARIS LYON;184;487;3;56;35;21;29.82;14.04
2023-10;ANGERS SAINT LAUD;PARIS MONTPARNASSE;93;575;3;58;25;13;22.99;5.75
2023-10;ANNECY;PARIS LYON;226;161;0;24;5;1;33.33;8.33
2023-10;DIJON VILLE;PARIS LYON;98;371;1;20;6;2;20.45;29.55
2023-10;LA ROCHELLE VILLE;PARIS MONTPARNASSE;173;215;0;21;5;1;24.0;16.0
2023-10;LE MANS;PARIS MONTPARNASSE;57;476;1;63;26;15;28.28;11.11
2023-10;LILLE;PARIS NORD;69;714;6;27;11;1;21.1;9.95
2023-10;LYON PART DIEU;MONTPELLIER;113;257;0;31;12;7;26.92;23.08
2023-10;MARSEILLE ST CHARLES;LILLE;288;208;0;50;19;7;24.0;18.0
2023-10;MULHOUSE VILLE;PARIS LYON;173;298;0;10;3;1;10.53;5.26
2023-10;NANCY;PARIS EST;100;305;0;29;14;2;40.54;27.03
2023-10;PARIS LYON;CHAMBERY CHALLES LES EAUX;170;172;0;27;14;4;32.61;13.04
2023-10;PARIS LYON;MARSEILLE ST CHARLES;194;660;0;74;44;24;25.68;32.43
2023-10;PARIS LYON;SAINT ETIENNE CHATEAUCREUX;172;114;1;5;2;1;0.0;37.5
2023-10;PARIS MONTPARNASSE;LE MANS;57;432;1;24;10;7;10.53;21.05
2023-10;PARIS NORD;DOUAI;72;142;1;4;2;0;5.26;36.84
2023-10;PARIS NORD;DUNKERQUE;130;199;5;12;5;0;11.11;27.78
2023-10;PERPIGNAN;PARIS LYON;309;228;1;35;17;8;22.86;11.43
2023-10;TOURCOING;BORDEAUX ST JEAN;301;31;0;2;0;0;50.0;50.0
2023-11;ANGOULEME;PARIS MONTPARNASSE;126;328;1;46;13;2;11.59;17.39
2023-11;BESANCON FRANCHE COMTE TGV;PARIS LYON;134;180;1;17;10;9;20.83;16.67
2023-11;BORDEAUX ST JEAN;TOURCOING;333;30;2;2;1;1;0.0;50.0
2023-11;DUNKERQUE;PARIS NORD;133;162;16;19;7;4;28.0;12.0
2023-11;LE MANS;PARIS MONTPARNASSE;57;469;14;70;37;20;10.08;21.85
2023-11;LYON PART DIEU;PARIS LYON;119;738;0;39;14;2;11.76;26.47
2023-11;MACON LOCHE;PARIS LYON;94;192;0;37;7;0;30.43;8.7
2023-11;MARSEILLE ST CHARLES;MARNE LA VALLEE;209;259;4;39;13;6;5.13;15.38
2023-11;NIMES;PARIS LYON;178;239;1;29;13;1;11.9;16.67
2023-11;PARIS EST;NANCY;97;265;0;22;8;2;11.11;44.44
2023-11;PARIS LYON;AIX EN PROVENCE TGV;182;523;0;34;19;8;2.78;52.78
2023-11;PARIS LYON;CHAMBERY CHALLES LES EAUX;170;165;0;36;9;1;46.03;9.52
2023-11;PARIS LYON;MACON LOCHE;92;216;1;17;5;0;5.88;20.59
2023-11;PARIS LYON;MARSEILLE ST CHARLES;195;590;1;44;22;7;6.82;34.09
2023-11;PARIS LYON;NIMES;180;194;0;13;4;1;10.53;52.63
2023-11;PARIS MONTPARNASSE;ANGERS SAINT LAUD;90;529;20;48;21;10;13.43;32.84
2023-11;PARIS MONTPARNASSE;ANGOULEME;124;297;4;29;9;4;12.82;15.38
2023-11;PARIS MONTPARNASSE;LA ROCHELLE VILLE;177;222;12;26;6;1;20.59;23.53
2023-11;RENNES;PARIS MONTPARNASSE;98;801;14;112;68;34;15.31;22.45
2023-11;SAINT ETIENNE CHATEAUCREUX;PARIS LYON;169;101;0;11;3;1;5.0;25.0
2023-11;VANNES;PARIS MONTPARNASSE;164;287;8;52;34;19;21.33;22.67
2023-11;DOUAI;PARIS NORD;77;178;15;13;2;1;39.13;4.35
2023-11;LA ROCHELLE VILLE;PARIS MONTPARNASSE;171;215;5;27;12;5;23.53;23.53
2023-11;MARNE LA VALLEE;LYON PART DIEU;106;408;1;41;22;9;6.15;29.23
2023-11;MARSEILLE ST CHARLES;LILLE;283;183;1;37;18;6;8.11;16.22
2023-11;NANCY;PARIS EST;99;264;0;28;15;5;6.45;38.71
2023-11;PARIS LYON;AVIGNON TGV;159;454;0;23;12;5;2.7;37.84
2023-11;PARIS LYON;BESANCON FRANCHE COMTE TGV;130;180;4;18;11;8;9.09;40.91
2023-11;PARIS LYON;LE CREUSOT MONTCEAU MONTCHANIN;77;228;1;7;3;0;0.0;43.75
2023-11;PARIS LYON;MONTPELLIER;212;210;0;16;5;1;6.25;43.75
2023-11;PARIS LYON;SAINT ETIENNE CHATEAUCREUX;172;100;3;8;4;1;9.09;27.27
2023-11;PARIS MONTPARNASSE;BREST;228;258;59;34;24;5;18.18;33.33
2023-11;PARIS MONTPARNASSE;LAVAL;78;309;15;20;11;2;10.64;38.3
2023-11;PARIS MONTPARNASSE;LE MANS;57;451;14;23;9;4;9.62;32.69
2023-11;PARIS MONTPARNASSE;QUIMPER;226;243;32;48;27;9;18.75;33.33
2023-11;PARIS MONTPARNASSE;ST MALO;154;94;4;6;3;0;25.0;25.0
2023-11;PARIS MONTPARNASSE;TOURS;75;187;4;13;5;1;9.09;40.91
2023-11;PARIS NORD;DUNKERQUE;130;187;23;24;8;1;34.62;3.85
2023-11;TOULON;PARIS LYON;239;272;0;33;12;4;27.27;12.12
2023-11;TOURS;PARIS MONTPARNASSE;75;191;1;5;0;0;16.67;13.33
2023-11;VALENCE ALIXAN TGV;PARIS LYON;133;407;1;49;21;3;12.0;9.33
2023-11;AIX EN PROVENCE TGV;PARIS LYON;184;458;0;39;20;6;20.0;25.0
2023-11;AVIGNON TGV;PARIS LYON;161;455;0;34;18;6;11.11;20.37
2023-11;GRENOBLE;PARIS LYON;183;194;2;30;8;2;35.14;18.92
2023-11;LILLE;LYON PART DIEU;182;380;1;42;22;9;1.72;31.03
2023-11;LYON PART DIEU;MONTPELLIER;113;248;0;29;9;2;22.5;15.0
2023-11;MARSEILLE ST CHARLES;LYON PART DIEU;104;384;1;44;22;11;32.26;12.9
2023-11;MARSEILLE ST CHARLES;PARIS LYON;195;488;0;40;16;4;17.5;22.5
2023-11;MARSEILLE ST CHARLES;TOURCOING;285;30;2;4;1;1;0.0;0.0
2023-11;METZ;PARIS EST;91;268;3;44;22;6;11.27;14.08
2023-11;NANTES;STRASBOURG;312;59;3;7;6;3;28.57;14.29
2023-11;NICE VILLE;PARIS LYON;347;213;0;29;10;4;31.03;10.34
2023-11;PARIS EST;REIMS;46;209;1;17;11;6;14.71;23.53
2023-11;PARIS EST;STRASBOURG;114;577;13;83;44;10;8.79;36.26
2023-11;PARIS LYON;ANNECY;224;144;0;30;11;3;30.0;16.67
2023-11;PARIS LYON;DIJON VILLE;96;424;8;30;24;16;7.69;28.21
2023-11;PARIS LYON;NICE VILLE;347;193;0;28;16;5;18.52;37.04
2023-11;PARIS LYON;VALENCE ALIXAN TGV;130;386;0;29;11;3;7.32;60.98
2023-11;PARIS MONTPARNASSE;BORDEAUX ST JEAN;141;1024;3;122;55;15;13.19;22.92
2023-11;PARIS MONTPARNASSE;NANTES;129;616;23;73;43;20;16.67;23.81
2023-11;PARIS MONTPARNASSE;POITIERS;95;583;5;43;11;4;25.76;27.27
2023-11;PARIS MONTPARNASSE;ST PIERRE DES CORPS;63;505;7;32;14;2;22.22;26.98
2023-11;PARIS MONTPARNASSE;VANNES;157;256;18;44;23;6;18.52;33.33
2023-11;PARIS NORD;LILLE;68;659;32;44;21;3;26.31;20.75
2023-11;ST PIERRE DES CORPS;PARIS MONTPARNASSE;63;524;3;28;4;2;20.22;14.61
2023-11;STRASBOURG;PARIS EST;120;558;11;152;53;13;3.94;8.37
2023-11;ANGERS SAINT LAUD;PARIS MONTPARNASSE;93;550;19;72;37;21;16.49;11.34
2023-11;BELLEGARDE (AIN);PARIS LYON;160;240;0;19;10;3;21.43;17.86
2023-11;LAVAL;PARIS MONTPARNASSE;79;290;11;33;20;10;11.94;22.39
2023-11;LE CREUSOT MONTCEAU MONTCHANIN;PARIS LYON;79;227;0;7;3;0;8.7;8.7
2023-11;LYON PART DIEU;MARNE LA VALLEE;107;339;4;41;11;3;6.25;23.44
2023-11;LYON PART DIEU;MARSEILLE ST CHARLES;104;428;2;88;38;13;6.19;17.7
2023-11;LYON PART DIEU;RENNES;237;90;0;3;2;1;0.0;33.33
2023-11;MONTPELLIER;PARIS LYON;208;239;1;29;13;1;3.45;24.14
2023-11;MULHOUSE VILLE;PARIS LYON;171;322;2;29;20;14;11.11;16.67
2023-11;PARIS LYON;BELLEGARDE (AIN);162;240;1;35;16;5;11.11;8.89
2023-11;PARIS LYON;PERPIGNAN;305;202;1;44;20;9;20.45;13.64
2023-11;PARIS MONTPARNASSE;RENNES;98;761;19;57;31;8;11.43;34.29
2023-11;PARIS MONTPARNASSE;TOULOUSE MATABIAU;268;181;0;40;22;6;17.5;7.5
2023-11;PARIS NORD;DOUAI;73;134;13;10;5;1;25.0;5.0
2023-11;QUIMPER;PARIS MONTPARNASSE;231;265;8;48;31;17;27.08;20.83
2023-11;ST MALO;PARIS MONTPARNASSE;150;93;0;11;6;1;15.0;25.0
2023-11;STRASBOURG;NANTES;331;58;1;8;6;1;25.0;0.0
2023-11;TOULOUSE MATABIAU;PARIS MONTPARNASSE;270;175;0;41;25;5;19.51;4.88
2023-11;TOURCOING;BORDEAUX ST JEAN;300;30;0;5;4;0;0.0;20.0
2023-11;ANNECY;PARIS LYON;226;138;0;31;4;0;29.03;3.23
2023-11;ARRAS;PARIS NORD;52;481;41;45;16;8;33.62;9.48
2023-11;BORDEAUX ST JEAN;PARIS MONTPARNASSE;142;1042;1;155;80;24;23.04;10.29
2023-11;BREST;PARIS MONTPARNASSE;227;275;3;41;26;13;19.51;14.63
2023-11;CHAMBERY CHALLES LES EAUX;PARIS LYON;173;167;0;33;5;0;31.71;2.44
2023-11;DIJON VILLE;PARIS LYON;98;406;4;39;24;18;16.07;12.5
2023-11;LILLE;MARSEILLE ST CHARLES;293;226;1;47;19;8;6.38;23.4
2023-11;LILLE;PARIS NORD;69;676;25;53;26;8;26.15;9.94
2023-11;LYON PART DIEU;LILLE;188;317;0;50;19;5;5.48;23.29
2023-11;MARNE LA VALLEE;MARSEILLE ST CHARLES;210;248;1;51;23;9;7.84;23.53
2023-11;MONTPELLIER;LYON PART DIEU;113;203;0;22;4;0;6.45;9.68
2023-11;NANTES;PARIS MONTPARNASSE;131;638;22;86;45;21;15.84;10.89
2023-11;PARIS EST;METZ;85;238;3;30;15;5;19.57;21.74
2023-11;PARIS LYON;GRENOBLE;181;215;5;31;13;3;38.78;22.45
2023-11;PARIS LYON;LYON PART DIEU;119;746;1;28;11;1;0.0;34.29
2023-11;PARIS LYON;MULHOUSE VILLE;170;329;4;34;21;15;10.0;30.0
2023-11;PARIS LYON;TOULON;237;271;0;30;17;6;6.67;50.0
2023-11;PARIS NORD;ARRAS;50;491;46;23;9;0;32.81;10.94
2023-11;PERPIGNAN;PARIS LYON;309;200;0;31;12;3;3.23;12.9
2023-11;POITIERS;PARIS MONTPARNASSE;97;482;3;53;17;4;26.26;20.2
2023-11;REIMS;PARIS EST;51;210;0;13;6;4;40.62;6.25
2023-11;RENNES;LYON PART DIEU;239;89;0;3;1;1;0.0;0.0
2023-12;BORDEAUX ST JEAN;PARIS MONTPARNASSE;138;1084;19;172;82;36;29.07;8.37
2023-12;DIJON VILLE;PARIS LYON;98;420;0;17;6;1;10.71;39.29
2023-12;DOUAI;PARIS NORD;75;171;3;14;9;4;13.33;15.56
2023-12;LA ROCHELLE VILLE;PARIS MONTPARNASSE;169;226;4;25;10;4;21.21;9.09
2023-12;LE CREUSOT MONTCEAU MONTCHANIN;PARIS LYON;80;256;1;9;4;2;0.0;34.78
2023-12;LE MANS;PARIS MONTPARNASSE;56;480;5;37;14;8;18.82;16.47
2023-12;LILLE;LYON PART DIEU;182;381;3;58;25;8;17.65;30.88
2023-12;LILLE;PARIS NORD;69;665;2;48;26;9;15.59;11.3
2023-12;LYON PART DIEU;MONTPELLIER;112;256;1;30;9;3;20.0;20.0
2023-12;LYON PART DIEU;RENNES;236;93;1;4;1;0;25.0;0.0
2023-12;MARSEILLE ST CHARLES;TOURCOING;281;31;0;11;4;2;0.0;9.09
2023-12;NANTES;STRASBOURG;313;61;1;5;3;1;20.0;20.0
2023-12;NIMES;PARIS LYON;178;205;0;21;10;8;20.0;12.0
2023-12;PARIS EST;METZ;85;284;2;18;6;2;7.89;26.32
2023-12;PARIS LYON;AIX EN PROVENCE TGV;182;493;1;36;18;4;5.26;18.42
2023-12;PARIS LYON;MONTPELLIER;210;223;0;30;12;3;30.0;20.0
2023-12;PARIS LYON;MULHOUSE VILLE;169;344;0;30;18;2;23.68;28.95
2023-12;PARIS LYON;SAINT ETIENNE CHATEAUCREUX;171;118;1;7;3;1;8.33;16.67
2023-12;PARIS MONTPARNASSE;BORDEAUX ST JEAN;139;1051;16;118;61;20;13.12;12.5
2023-12;PERPIGNAN;PARIS LYON;313;206;0;22;13;7;27.27;9.09
2023-12;RENNES;PARIS MONTPARNASSE;97;809;5;66;26;7;25.53;10.64
2023-12;STRASBOURG;PARIS EST;114;676;6;89;28;6;0.75;19.55
2023-12;TOULOUSE MATABIAU;PARIS MONTPARNASSE;271;219;1;53;29;17;28.3;5.66
2023-12;VANNES;PARIS MONTPARNASSE;164;289;2;30;17;6;21.28;10.64
2023-12;AVIGNON TGV;PARIS LYON;161;464;0;33;20;7;6.0;12.0
2023-12;GRENOBLE;PARIS LYON;180;213;0;23;10;2;17.24;27.59
2023-12;LAVAL;PARIS MONTPARNASSE;78;297;3;22;8;3;23.08;3.08
2023-12;LILLE;MARSEILLE ST CHARLES;292;259;0;50;26;10;10.0;24.0
2023-12;LYON PART DIEU;LILLE;187;339;5;58;24;7;6.94;23.61
2023-12;MARSEILLE ST CHARLES;LYON PART DIEU;104;470;3;36;15;4;16.33;10.2
2023-12;PARIS EST;REIMS;46;230;0;22;10;6;2.86;31.43
2023-12;PARIS LYON;AVIGNON TGV;159;440;1;32;13;4;12.82;10.26
2023-12;PARIS LYON;BESANCON FRANCHE COMTE TGV;128;184;1;8;4;0;33.33;41.67
2023-12;PARIS LYON;DIJON VILLE;96;437;1;20;8;3;21.43;46.43
2023-12;PARIS LYON;MACON LOCHE;95;221;0;10;5;0;41.67;12.5
2023-12;PARIS LYON;TOULON;237;269;0;20;4;1;15.0;25.0
2023-12;PARIS MONTPARNASSE;LA ROCHELLE VILLE;175;231;5;22;10;2;3.85;19.23
2023-12;PARIS MONTPARNASSE;LE MANS;55;450;8;21;9;4;8.51;31.91
2023-12;PARIS MONTPARNASSE;NANTES;128;626;4;41;15;5;23.64;27.27
2023-12;PARIS MONTPARNASSE;POITIERS;92;589;23;48;22;4;6.06;22.73
2023-12;PARIS MONTPARNASSE;ST PIERRE DES CORPS;62;523;14;46;12;3;6.78;25.42
2023-12;PARIS MONTPARNASSE;VANNES;156;280;3;39;19;8;18.75;27.08
2023-12;PARIS NORD;DUNKERQUE;129;175;1;14;7;3;0.0;46.67
2023-12;PARIS NORD;LILLE;68;651;5;47;24;10;3.4;32.96
2023-12;SAINT ETIENNE CHATEAUCREUX;PARIS LYON;168;118;2;6;0;0;7.14;14.29
2023-12;TOULON;PARIS LYON;239;269;0;25;15;4;24.0;12.0
2023-12;ANGERS SAINT LAUD;PARIS MONTPARNASSE;91;567;5;36;8;5;25.0;15.62
2023-12;ANNECY;PARIS LYON;226;159;0;29;6;3;13.79;3.45
2023-12;ARRAS;PARIS NORD;50;480;5;41;26;11;16.52;11.3
2023-12;BELLEGARDE (AIN);PARIS LYON;163;276;2;26;15;9;17.14;22.86
2023-12;BORDEAUX ST JEAN;TOURCOING;322;31;3;12;7;4;41.67;0.0
2023-12;BREST;PARIS MONTPARNASSE;228;275;0;22;7;1;18.18;13.64
2023-12;LYON PART DIEU;MARNE LA VALLEE;107;356;4;37;16;3;9.86;25.35
2023-12;MACON LOCHE;PARIS LYON;96;220;1;41;12;5;7.02;7.02
2023-12;MARSEILLE ST CHARLES;PARIS LYON;195;522;0;36;20;8;16.67;16.67
2023-12;NANCY;PARIS EST;95;304;0;16;3;1;17.65;23.53
2023-12;PARIS LYON;CHAMBERY CHALLES LES EAUX;174;255;2;30;11;6;27.27;3.64
2023-12;PARIS LYON;GRENOBLE;179;247;0;21;11;3;20.69;31.03
2023-12;PARIS LYON;LE CREUSOT MONTCEAU MONTCHANIN;79;221;1;7;3;1;34.78;21.74
2023-12;PARIS LYON;LYON PART DIEU;119;730;5;29;13;5;16.67;28.57
2023-12;PARIS MONTPARNASSE;ANGERS SAINT LAUD;89;547;3;34;12;5;18.18;18.18
2023-12;PARIS MONTPARNASSE;ANGOULEME;123;309;10;33;16;6;11.11;13.33
2023-12;PARIS MONTPARNASSE;QUIMPER;226;270;3;39;21;7;15.38;23.08
2023-12;PARIS MONTPARNASSE;TOURS;74;189;5;19;4;0;3.85;26.92
2023-12;PARIS NORD;ARRAS;49;494;3;39;15;8;7.35;39.71
2023-12;QUIMPER;PARIS MONTPARNASSE;231;269;2;26;15;5;19.23;11.54
2023-12;AIX EN PROVENCE TGV;PARIS LYON;184;460;0;31;18;6;6.06;18.18
2023-12;CHAMBERY CHALLES LES EAUX;PARIS LYON;174;253;4;53;20;10;18.57;2.86
2023-12;LYON PART DIEU;PARIS LYON;119;767;8;42;20;10;4.76;23.81
2023-12;MARNE LA VALLEE;LYON PART DIEU;106;415;3;62;26;8;17.33;28.0
2023-12;MONTPELLIER;PARIS LYON;207;205;0;21;10;8;23.81;14.29
2023-12;MULHOUSE VILLE;PARIS LYON;170;340;0;20;9;3;20.0;26.67
2023-12;NANTES;PARIS MONTPARNASSE;129;659;5;47;12;5;17.39;14.49
2023-12;NICE VILLE;PARIS LYON;344;216;0;22;14;4;27.27;9.09
2023-12;PARIS EST;NANCY;97;302;0;16;6;3;5.56;44.44
2023-12;PARIS EST;STRASBOURG;113;659;6;61;30;9;5.32;37.23
2023-12;PARIS LYON;BELLEGARDE (AIN);163;280;5;37;15;7;24.56;22.81
2023-12;PARIS LYON;NIMES;180;219;0;24;9;2;21.43;25.0
2023-12;PARIS LYON;PERPIGNAN;311;207;1;28;12;1;25.0;10.71
2023-12;PARIS MONTPARNASSE;LAVAL;77;319;2;27;9;2;17.39;32.61
2023-12;PARIS MONTPARNASSE;RENNES;97;780;3;51;15;3;26.21;30.1
2023-12;PARIS MONTPARNASSE;ST MALO;152;98;0;10;4;1;41.67;16.67
2023-12;POITIERS;PARIS MONTPARNASSE;95;485;18;66;25;7;25.2;9.76
2023-12;REIMS;PARIS EST;46;236;0;14;10;5;13.79;27.59
2023-12;RENNES;LYON PART DIEU;237;93;1;7;1;0;14.29;14.29
2023-12;ST MALO;PARIS MONTPARNASSE;149;98;0;8;1;0;20.0;20.0
2023-12;ST PIERRE DES CORPS;PARIS MONTPARNASSE;62;523;17;38;12;3;30.0;12.5
2023-12;TOURCOING;BORDEAUX ST JEAN;299;31;2;5;2;1;20.0;20.0
2023-12;VALENCE ALIXAN TGV;PARIS LYON;133;396;0;39;19;8;19.61;9.8
2023-12;ANGOULEME;PARIS MONTPARNASSE;124;334;14;76;29;10;32.41;6.48
2023-12;BESANCON FRANCHE COMTE TGV;PARIS LYON;132;185;0;8;3;0;26.67;40.0
2023-12;DUNKERQUE;PARIS NORD;131;155;0;16;9;4;16.67;12.5
2023-12;LYON PART DIEU;MARSEILLE ST CHARLES;104;498;1;78;35;16;11.76;29.41
2023-12;MARNE LA VALLEE;MARSEILLE ST CHARLES;210;293;0;54;28;11;9.26;24.07
2023-12;MARSEILLE ST CHARLES;LILLE;283;215;2;29;12;2;3.45;17.24
2023-12;MARSEILLE ST CHARLES;MARNE LA VALLEE;208;292;4;30;12;2;6.67;13.33
2023-12;METZ;PARIS EST;87;306;2;33;18;3;8.45;14.08
2023-12;MONTPELLIER;LYON PART DIEU;113;207;2;13;6;3;16.67;16.67
2023-12;PARIS LYON;ANNECY;225;156;0;16;5;1;18.75;6.25
2023-12;PARIS LYON;MARSEILLE ST CHARLES;194;589;1;42;15;6;4.76;23.81
2023-12;PARIS LYON;NICE VILLE;342;212;0;27;11;5;22.22;7.41
2023-12;PARIS LYON;VALENCE ALIXAN TGV;130;425;0;29;13;2;21.28;19.15
2023-12;PARIS MONTPARNASSE;BREST;230;276;2;29;9;3;3.45;20.69
2023-12;PARIS MONTPARNASSE;TOULOUSE MATABIAU;264;219;4;43;28;10;9.3;11.63
2023-12;PARIS NORD;DOUAI;71;136;0;11;2;1;5.26;47.37
2023-12;STRASBOURG;NANTES;337;61;0;9;6;1;12.5;37.5
2023-12;TOURS;PARIS MONTPARNASSE;74;188;3;4;2;1;26.67;13.33
